latitudes,longitudes,formatted_address,postal_code,json_responses,SHELTER_ADDRESS,SHELTER_CITY
43.6576775,-79.40704660000002,"100 Lippincott St, Toronto, ON M5S 2P1, Canada",M5S 2P1,"{'results': [{'address_components': [{'long_name': '100', 'short_name': '100', 'types': ['street_number']}, {'long_name': 'Lippincott Street', 'short_name': 'Lippincott St', 'types': ['route']}, {'long_name': 'Old Toronto', 'short_name': 'Old Toronto', 'types': ['political', 'sublocality', 'sublocality_level_1']}, {'long_name': 'Toronto', 'short_name': 'Toronto', 'types': ['locality', 'political']}, {'long_name': 'Toronto Division', 'short_name': 'Toronto Division', 'types': ['administrative_area_level_2', 'political']}, {'long_name': 'Ontario', 'short_name': 'ON', 'types': ['administrative_area_level_1', 'political']}, {'long_name': 'Canada', 'short_name': 'CA', 'types': ['country', 'political']}, {'long_name': 'M5S 2P1', 'short_name': 'M5S 2P1', 'types': ['postal_code']}], 'formatted_address': '100 Lippincott St, Toronto, ON M5S 2P1, Canada', 'geometry': {'location': {'lat': 43.6576775, 'lng': -79.40704660000002}, 'location_type': 'ROOFTOP', 'viewport': {'northeast': {'lat': 43.65902648029149, 'lng': -79.40569761970852}, 'southwest': {'lat': 43.6563285197085, 'lng': -79.40839558029153}}}, 'place_id': 'ChIJBbUavus0K4gRZkzbqpYsRIk', 'plus_code': {'compound_code': 'MH5V+35 Toronto, ON, Canada', 'global_code': '87M2MH5V+35'}, 'types': ['street_address']}], 'status': 'OK'}",100 Lippincott Street,Toronto
43.6545576,-79.3665754,"101 Ontario St, Toronto, ON M5A 2V2, Canada",M5A 2V2,"{'results': [{'address_components': [{'long_name': '101', 'short_name': '101', 'types': ['street_number']}, {'long_name': 'Ontario Street', 'short_name': 'Ontario St', 'types': ['route']}, {'long_name': 'Old Toronto', 'short_name': 'Old Toronto', 'types': ['political', 'sublocality', 'sublocality_level_1']}, {'long_name': 'Toronto', 'short_name': 'Toronto', 'types': ['locality', 'political']}, {'long_name': 'Toronto Division', 'short_name': 'Toronto Division', 'types': ['administrative_area_level_2', 'political']}, {'long_name': 'Ontario', 'short_name': 'ON', 'types': ['administrative_area_level_1', 'political']}, {'long_name': 'Canada', 'short_name': 'CA', 'types': ['country', 'political']}, {'long_name': 'M5A 2V2', 'short_name': 'M5A 2V2', 'types': ['postal_code']}], 'formatted_address': '101 Ontario St, Toronto, ON M5A 2V2, Canada', 'geometry': {'bounds': {'northeast': {'lat': 43.6546428, 'lng': -79.3664215}, 'southwest': {'lat': 43.6543741, 'lng': -79.36682739999999}}, 'location': {'lat': 43.6545576, 'lng': -79.3665754}, 'location_type': 'ROOFTOP', 'viewport': {'northeast': {'lat': 43.6558574302915, 'lng': -79.3652754697085}, 'southwest': {'lat': 43.6531594697085, 'lng': -79.3679734302915}}}, 'place_id': 'ChIJgX5WqTnL1IkRHojwQ-U4Wgk', 'types': ['premise']}], 'status': 'OK'}",101 Ontario Street,Toronto
43.6523669,-79.3722725,"107 Jarvis St, Toronto, ON M5C 2H4, Canada",M5C 2H4,"{'results': [{'address_components': [{'long_name': '107', 'short_name': '107', 'types': ['street_number']}, {'long_name': 'Jarvis Street', 'short_name': 'Jarvis St', 'types': ['route']}, {'long_name': 'Old Toronto', 'short_name': 'Old Toronto', 'types': ['political', 'sublocality', 'sublocality_level_1']}, {'long_name': 'Toronto', 'short_name': 'Toronto', 'types': ['locality', 'political']}, {'long_name': 'Toronto Division', 'short_name': 'Toronto Division', 'types': ['administrative_area_level_2', 'political']}, {'long_name': 'Ontario', 'short_name': 'ON', 'types': ['administrative_area_level_1', 'political']}, {'long_name': 'Canada', 'short_name': 'CA', 'types': ['country', 'political']}, {'long_name': 'M5C 2H4', 'short_name': 'M5C 2H4', 'types': ['postal_code']}], 'formatted_address': '107 Jarvis St, Toronto, ON M5C 2H4, Canada', 'geometry': {'location': {'lat': 43.6523669, 'lng': -79.3722725}, 'location_type': 'ROOFTOP', 'viewport': {'northeast': {'lat': 43.6537158802915, 'lng': -79.37092351970848}, 'southwest': {'lat': 43.6510179197085, 'lng': -79.37362148029149}}}, 'place_id': 'ChIJuV08JTHL1IkRU5QJXJpYKSI', 'plus_code': {'compound_code': 'MJ2H+W3 Toronto, ON, Canada', 'global_code': '87M2MJ2H+W3'}, 'types': ['street_address']}], 'status': 'OK'}",107 Jarvis Street,Toronto
43.6909102,-79.34966279999999,"1076 Pape Ave, East York, ON M4K 3W5, Canada",M4K 3W5,"{'results': [{'address_components': [{'long_name': '1076', 'short_name': '1076', 'types': ['street_number']}, {'long_name': 'Pape Avenue', 'short_name': 'Pape Ave', 'types': ['route']}, {'long_name': 'East York', 'short_name': 'East York', 'types': ['political', 'sublocality', 'sublocality_level_1']}, {'long_name': 'Toronto', 'short_name': 'Toronto', 'types': ['locality', 'political']}, {'long_name': 'Toronto Division', 'short_name': 'Toronto Division', 'types': ['administrative_area_level_2', 'political']}, {'long_name': 'Ontario', 'short_name': 'ON', 'types': ['administrative_area_level_1', 'political']}, {'long_name': 'Canada', 'short_name': 'CA', 'types': ['country', 'political']}, {'long_name': 'M4K 3W5', 'short_name': 'M4K 3W5', 'types': ['postal_code']}], 'formatted_address': '1076 Pape Ave, East York, ON M4K 3W5, Canada', 'geometry': {'bounds': {'northeast': {'lat': 43.69103399999999, 'lng': -79.3494791}, 'southwest': {'lat': 43.6907547, 'lng': -79.3499315}}, 'location': {'lat': 43.6909102, 'lng': -79.34966279999999}, 'location_type': 'ROOFTOP', 'viewport': {'northeast': {'lat': 43.6922433302915, 'lng': -79.34835631970849}, 'southwest': {'lat': 43.6895453697085, 'lng': -79.3510542802915}}}, 'place_id': 'ChIJQxnwq5PM1IkRhtOpZ9kWHX8', 'types': ['premise']}], 'status': 'OK'}",1076 Pape Avenue,Toronto
43.7156529,-79.4666091,"1161 Caledonia Rd, North York, ON M6A 1J8, Canada",M6A 1J8,"{'results': [{'address_components': [{'long_name': '1161', 'short_name': '1161', 'types': ['street_number']}, {'long_name': 'Caledonia Road', 'short_name': 'Caledonia Rd', 'types': ['route']}, {'long_name': 'North York', 'short_name': 'North York', 'types': ['political', 'sublocality', 'sublocality_level_1']}, {'long_name': 'Toronto', 'short_name': 'Toronto', 'types': ['locality', 'political']}, {'long_name': 'Toronto Division', 'short_name': 'Toronto Division', 'types': ['administrative_area_level_2', 'political']}, {'long_name': 'Ontario', 'short_name': 'ON', 'types': ['administrative_area_level_1', 'political']}, {'long_name': 'Canada', 'short_name': 'CA', 'types': ['country', 'political']}, {'long_name': 'M6A 1J8', 'short_name': 'M6A 1J8', 'types': ['postal_code']}], 'formatted_address': '1161 Caledonia Rd, North York, ON M6A 1J8, Canada', 'geometry': {'bounds': {'northeast': {'lat': 43.7159591, 'lng': -79.46590379999999}, 'southwest': {'lat': 43.71540780000001, 'lng': -79.46727609999999}}, 'location': {'lat': 43.7156529, 'lng': -79.4666091}, 'location_type': 'ROOFTOP', 'viewport': {'northeast': {'lat': 43.71703243029151, 'lng': -79.46524096970849}, 'southwest': {'lat': 43.71433446970851, 'lng': -79.4679389302915}}}, 'place_id': 'ChIJgQeVENczK4gRhI26jpFC0o8', 'types': ['premise']}], 'status': 'OK'}",1161 Caledonia Road,Toronto
43.76828219999999,-79.2674466,"1229 Ellesmere Rd, Scarborough, ON M1P 4V8, Canada",M1P 4V8,"{'results': [{'address_components': [{'long_name': '1229', 'short_name': '1229', 'types': ['street_number']}, {'long_name': 'Ellesmere Road', 'short_name': 'Ellesmere Rd', 'types': ['route']}, {'long_name': 'Scarborough', 'short_name': 'Scarborough', 'types': ['political', 'sublocality', 'sublocality_level_1']}, {'long_name': 'Toronto', 'short_name': 'Toronto', 'types': ['locality', 'political']}, {'long_name': 'Toronto Division', 'short_name': 'Toronto Division', 'types': ['administrative_area_level_2', 'political']}, {'long_name': 'Ontario', 'short_name': 'ON', 'types': ['administrative_area_level_1', 'political']}, {'long_name': 'Canada', 'short_name': 'CA', 'types': ['country', 'political']}, {'long_name': 'M1P 4V8', 'short_name': 'M1P 4V8', 'types': ['postal_code']}], 'formatted_address': '1229 Ellesmere Rd, Scarborough, ON M1P 4V8, Canada', 'geometry': {'bounds': {'northeast': {'lat': 43.76842, 'lng': -79.267248}, 'southwest': {'lat': 43.768164, 'lng': -79.2675769}}, 'location': {'lat': 43.76828219999999, 'lng': -79.2674466}, 'location_type': 'ROOFTOP', 'viewport': {'northeast': {'lat': 43.7696409802915, 'lng': -79.26606346970848}, 'southwest': {'lat': 43.76694301970851, 'lng': -79.26876143029149}}}, 'place_id': 'ChIJa_Tshr3R1IkRBf946b_FJ6Q', 'types': ['premise']}], 'status': 'OK'}",1229 Ellesmere Road,Toronto
43.6628189,-79.3385026,"126 Pape Ave, Toronto, ON M4M 2V8, Canada",M4M 2V8,"{'results': [{'address_components': [{'long_name': '126', 'short_name': '126', 'types': ['street_number']}, {'long_name': 'Pape Avenue', 'short_name': 'Pape Ave', 'types': ['route']}, {'long_name': 'Old Toronto', 'short_name': 'Old Toronto', 'types': ['political', 'sublocality', 'sublocality_level_1']}, {'long_name': 'Toronto', 'short_name': 'Toronto', 'types': ['locality', 'political']}, {'long_name': 'Toronto Division', 'short_name': 'Toronto Division', 'types': ['administrative_area_level_2', 'political']}, {'long_name': 'Ontario', 'short_name': 'ON', 'types': ['administrative_area_level_1', 'political']}, {'long_name': 'Canada', 'short_name': 'CA', 'types': ['country', 'political']}, {'long_name': 'M4M 2V8', 'short_name': 'M4M 2V8', 'types': ['postal_code']}], 'formatted_address': '126 Pape Ave, Toronto, ON M4M 2V8, Canada', 'geometry': {'bounds': {'northeast': {'lat': 43.6629398, 'lng': -79.33834}, 'southwest': {'lat': 43.662701, 'lng': -79.33875599999999}}, 'location': {'lat': 43.6628189, 'lng': -79.3385026}, 'location_type': 'ROOFTOP', 'viewport': {'northeast': {'lat': 43.6641693802915, 'lng': -79.33719901970849}, 'southwest': {'lat': 43.6614714197085, 'lng': -79.3398969802915}}}, 'place_id': 'ChIJX0a3DHfL1IkRIZmoQiv8qJc', 'types': ['premise']}], 'status': 'OK'}",126 Pape Avenue,Toronto
43.6486966,-79.3932737,"129 Peter St, Toronto, ON M5V 1X1, Canada",M5V 1X1,"{'results': [{'address_components': [{'long_name': '129', 'short_name': '129', 'types': ['street_number']}, {'long_name': 'Peter Street', 'short_name': 'Peter St', 'types': ['route']}, {'long_name': 'Old Toronto', 'short_name': 'Old Toronto', 'types': ['political', 'sublocality', 'sublocality_level_1']}, {'long_name': 'Toronto', 'short_name': 'Toronto', 'types': ['locality', 'political']}, {'long_name': 'Toronto Division', 'short_name': 'Toronto Division', 'types': ['administrative_area_level_2', 'political']}, {'long_name': 'Ontario', 'short_name': 'ON', 'types': ['administrative_area_level_1', 'political']}, {'long_name': 'Canada', 'short_name': 'CA', 'types': ['country', 'political']}, {'long_name': 'M5V 1X1', 'short_name': 'M5V 1X1', 'types': ['postal_code']}], 'formatted_address': '129 Peter St, Toronto, ON M5V 1X1, Canada', 'geometry': {'location': {'lat': 43.6486966, 'lng': -79.3932737}, 'location_type': 'ROOFTOP', 'viewport': {'northeast': {'lat': 43.6500455802915, 'lng': -79.3919247197085}, 'southwest': {'lat': 43.6473476197085, 'lng': -79.3946226802915}}}, 'place_id': 'ChIJr1Bz7No0K4gR6azQi8W1YKo', 'plus_code': {'compound_code': 'JJX4+FM Toronto, ON, Canada', 'global_code': '87M2JJX4+FM'}, 'types': ['street_address']}], 'status': 'OK'}",129 Peter St,Toronto
43.6583716,-79.44323419999999,"1322 Bloor St W, Toronto, ON M6H 1P2, Canada",M6H 1P2,"{'results': [{'address_components': [{'long_name': '1322', 'short_name': '1322', 'types': ['street_number']}, {'long_name': 'Bloor Street West', 'short_name': 'Bloor St W', 'types': ['route']}, {'long_name': 'Old Toronto', 'short_name': 'Old Toronto', 'types': ['political', 'sublocality', 'sublocality_level_1']}, {'long_name': 'Toronto', 'short_name': 'Toronto', 'types': ['locality', 'political']}, {'long_name': 'Toronto Division', 'short_name': 'Toronto Division', 'types': ['administrative_area_level_2', 'political']}, {'long_name': 'Ontario', 'short_name': 'ON', 'types': ['administrative_area_level_1', 'political']}, {'long_name': 'Canada', 'short_name': 'CA', 'types': ['country', 'political']}, {'long_name': 'M6H 1P2', 'short_name': 'M6H 1P2', 'types': ['postal_code']}], 'formatted_address': '1322 Bloor St W, Toronto, ON M6H 1P2, Canada', 'geometry': {'location': {'lat': 43.6583716, 'lng': -79.44323419999999}, 'location_type': 'ROOFTOP', 'viewport': {'northeast': {'lat': 43.6597205802915, 'lng': -79.44188521970848}, 'southwest': {'lat': 43.6570226197085, 'lng': -79.4445831802915}}}, 'place_id': 'ChIJk08WlkY0K4gRtihakpL_Dkc', 'plus_code': {'compound_code': 'MH54+8P Toronto, ON, Canada', 'global_code': '87M2MH54+8P'}, 'types': ['street_address']}], 'status': 'OK'}",1322 Bloor Street West,Toronto
43.681428,-79.4183468,"14 Vaughan Rd, Toronto, ON M6G 2N1, Canada",M6G 2N1,"{'results': [{'address_components': [{'long_name': '14', 'short_name': '14', 'types': ['street_number']}, {'long_name': 'Vaughan Road', 'short_name': 'Vaughan Rd', 'types': ['route']}, {'long_name': 'Old Toronto', 'short_name': 'Old Toronto', 'types': ['political', 'sublocality', 'sublocality_level_1']}, {'long_name': 'Toronto', 'short_name': 'Toronto', 'types': ['locality', 'political']}, {'long_name': 'Toronto Division', 'short_name': 'Toronto Division', 'types': ['administrative_area_level_2', 'political']}, {'long_name': 'Ontario', 'short_name': 'ON', 'types': ['administrative_area_level_1', 'political']}, {'long_name': 'Canada', 'short_name': 'CA', 'types': ['country', 'political']}, {'long_name': 'M6G 2N1', 'short_name': 'M6G 2N1', 'types': ['postal_code']}], 'formatted_address': '14 Vaughan Rd, Toronto, ON M6G 2N1, Canada', 'geometry': {'bounds': {'northeast': {'lat': 43.68149589999999, 'lng': -79.4181306}, 'southwest': {'lat': 43.6813535, 'lng': -79.4185676}}, 'location': {'lat': 43.681428, 'lng': -79.4183468}, 'location_type': 'ROOFTOP', 'viewport': {'northeast': {'lat': 43.6827736802915, 'lng': -79.4170001197085}, 'southwest': {'lat': 43.6800757197085, 'lng': -79.41969808029151}}}, 'place_id': 'ChIJ3aMu830zK4gRu0iNsEBNeo0', 'types': ['premise']}], 'status': 'OK'}",14 Vaughan Road,Toronto
43.74060470000001,-79.49417989999999,"1651 Sheppard Ave W, North York, ON M3M 2X4, Canada",M3M 2X4,"{'results': [{'address_components': [{'long_name': '1651', 'short_name': '1651', 'types': ['street_number']}, {'long_name': 'Sheppard Avenue West', 'short_name': 'Sheppard Ave W', 'types': ['route']}, {'long_name': 'North York', 'short_name': 'North York', 'types': ['political', 'sublocality', 'sublocality_level_1']}, {'long_name': 'Toronto', 'short_name': 'Toronto', 'types': ['locality', 'political']}, {'long_name': 'Toronto Division', 'short_name': 'Toronto Division', 'types': ['administrative_area_level_2', 'political']}, {'long_name': 'Ontario', 'short_name': 'ON', 'types': ['administrative_area_level_1', 'political']}, {'long_name': 'Canada', 'short_name': 'CA', 'types': ['country', 'political']}, {'long_name': 'M3M 2X4', 'short_name': 'M3M 2X4', 'types': ['postal_code']}], 'formatted_address': '1651 Sheppard Ave W, North York, ON M3M 2X4, Canada', 'geometry': {'location': {'lat': 43.74060470000001, 'lng': -79.49417989999999}, 'location_type': 'ROOFTOP', 'viewport': {'northeast': {'lat': 43.74195368029151, 'lng': -79.4928309197085}, 'southwest': {'lat': 43.73925571970851, 'lng': -79.4955288802915}}}, 'place_id': 'ChIJFYId_b4xK4gRZhBFFRO6OhQ', 'plus_code': {'compound_code': 'PGR4+68 North York, Toronto, ON, Canada', 'global_code': '87M2PGR4+68'}, 'types': ['street_address']}], 'status': 'OK'}",1651 Sheppard Ave West,Toronto
43.6589731,-79.39355069999999,"167 College St, Toronto, ON M5T 1P7, Canada",M5T 1P7,"{'results': [{'address_components': [{'long_name': '167', 'short_name': '167', 'types': ['street_number']}, {'long_name': 'College Street', 'short_name': 'College St', 'types': ['route']}, {'long_name': 'Old Toronto', 'short_name': 'Old Toronto', 'types': ['political', 'sublocality', 'sublocality_level_1']}, {'long_name': 'Toronto', 'short_name': 'Toronto', 'types': ['locality', 'political']}, {'long_name': 'Toronto Division', 'short_name': 'Toronto Division', 'types': ['administrative_area_level_2', 'political']}, {'long_name': 'Ontario', 'short_name': 'ON', 'types': ['administrative_area_level_1', 'political']}, {'long_name': 'Canada', 'short_name': 'CA', 'types': ['country', 'political']}, {'long_name': 'M5T 1P7', 'short_name': 'M5T 1P7', 'types': ['postal_code']}], 'formatted_address': '167 College St, Toronto, ON M5T 1P7, Canada', 'geometry': {'bounds': {'northeast': {'lat': 43.6590736, 'lng': -79.3934128}, 'southwest': {'lat': 43.6586976, 'lng': -79.3937143}}, 'location': {'lat': 43.6589731, 'lng': -79.39355069999999}, 'location_type': 'ROOFTOP', 'viewport': {'northeast': {'lat': 43.6602345802915, 'lng': -79.3922145697085}, 'southwest': {'lat': 43.6575366197085, 'lng': -79.3949125302915}}}, 'place_id': 'ChIJ77_bkMc0K4gRE8qbH1pijjw', 'types': ['premise']}], 'status': 'OK'}",167 College Street,Toronto
43.6915695,-79.2639232,"1673 Kingston Rd, Scarborough, ON M1N 1S6, Canada",M1N 1S6,"{'results': [{'address_components': [{'long_name': '1673', 'short_name': '1673', 'types': ['street_number']}, {'long_name': 'Kingston Road', 'short_name': 'Kingston Rd', 'types': ['route']}, {'long_name': 'Scarborough', 'short_name': 'Scarborough', 'types': ['political', 'sublocality', 'sublocality_level_1']}, {'long_name': 'Toronto', 'short_name': 'Toronto', 'types': ['locality', 'political']}, {'long_name': 'Toronto Division', 'short_name': 'Toronto Division', 'types': ['administrative_area_level_2', 'political']}, {'long_name': 'Ontario', 'short_name': 'ON', 'types': ['administrative_area_level_1', 'political']}, {'long_name': 'Canada', 'short_name': 'CA', 'types': ['country', 'political']}, {'long_name': 'M1N 1S6', 'short_name': 'M1N 1S6', 'types': ['postal_code']}], 'formatted_address': '1673 Kingston Rd, Scarborough, ON M1N 1S6, Canada', 'geometry': {'bounds': {'northeast': {'lat': 43.6917345, 'lng': -79.2637606}, 'southwest': {'lat': 43.6913068, 'lng': -79.2641289}}, 'location': {'lat': 43.6915695, 'lng': -79.2639232}, 'location_type': 'ROOFTOP', 'viewport': {'northeast': {'lat': 43.6928696302915, 'lng': -79.2625957697085}, 'southwest': {'lat': 43.6901716697085, 'lng': -79.2652937302915}}}, 'place_id': 'ChIJwYxMQuzO1IkRGtdBV92X6Xg', 'types': ['premise']}], 'status': 'OK'}",1673 Kingston Road,Toronto
43.6808902,-79.45666279999999,"177 Caledonia Rd, Toronto, ON M6E 4S8, Canada",M6E 4S8,"{'results': [{'address_components': [{'long_name': '177', 'short_name': '177', 'types': ['street_number']}, {'long_name': 'Caledonia Road', 'short_name': 'Caledonia Rd', 'types': ['route']}, {'long_name': 'York', 'short_name': 'York', 'types': ['political', 'sublocality', 'sublocality_level_1']}, {'long_name': 'Toronto', 'short_name': 'Toronto', 'types': ['locality', 'political']}, {'long_name': 'Toronto Division', 'short_name': 'Toronto Division', 'types': ['administrative_area_level_2', 'political']}, {'long_name': 'Ontario', 'short_name': 'ON', 'types': ['administrative_area_level_1', 'political']}, {'long_name': 'Canada', 'short_name': 'CA', 'types': ['country', 'political']}, {'long_name': 'M6E 4S8', 'short_name': 'M6E 4S8', 'types': ['postal_code']}], 'formatted_address': '177 Caledonia Rd, Toronto, ON M6E 4S8, Canada', 'geometry': {'location': {'lat': 43.6808902, 'lng': -79.45666279999999}, 'location_type': 'ROOFTOP', 'viewport': {'northeast': {'lat': 43.6822391802915, 'lng': -79.4553138197085}, 'southwest': {'lat': 43.6795412197085, 'lng': -79.4580117802915}}}, 'place_id': 'ChIJ4zF53gg0K4gR7Le8TYL1OXU', 'plus_code': {'compound_code': 'MGJV+98 Toronto, ON, Canada', 'global_code': '87M2MGJV+98'}, 'types': ['street_address']}], 'status': 'OK'}",177 Caledonia Rd,Toronto
43.673617,-79.406284,"191 Spadina Rd, Toronto, ON M5R 2T9, Canada",M5R 2T9,"{'results': [{'address_components': [{'long_name': '191', 'short_name': '191', 'types': ['street_number']}, {'long_name': 'Spadina Road', 'short_name': 'Spadina Rd', 'types': ['route']}, {'long_name': 'Old Toronto', 'short_name': 'Old Toronto', 'types': ['political', 'sublocality', 'sublocality_level_1']}, {'long_name': 'Toronto', 'short_name': 'Toronto', 'types': ['locality', 'political']}, {'long_name': 'Toronto Division', 'short_name': 'Toronto Division', 'types': ['administrative_area_level_2', 'political']}, {'long_name': 'Ontario', 'short_name': 'ON', 'types': ['administrative_area_level_1', 'political']}, {'long_name': 'Canada', 'short_name': 'CA', 'types': ['country', 'political']}, {'long_name': 'M5R 2T9', 'short_name': 'M5R 2T9', 'types': ['postal_code']}], 'formatted_address': '191 Spadina Rd, Toronto, ON M5R 2T9, Canada', 'geometry': {'location': {'lat': 43.673617, 'lng': -79.406284}, 'location_type': 'ROOFTOP', 'viewport': {'northeast': {'lat': 43.6749659802915, 'lng': -79.40493501970849}, 'southwest': {'lat': 43.6722680197085, 'lng': -79.40763298029151}}}, 'place_id': 'ChIJGyk9Gpk0K4gRcJ2cB_W8mgU', 'plus_code': {'compound_code': 'MHFV+CF Toronto, ON, Canada', 'global_code': '87M2MHFV+CF'}, 'types': ['street_address']}], 'status': 'OK'}",191 Spadina Road,Toronto
43.6591964,-79.3815506,"20 Gerrard St E, Toronto, ON M5B, Canada",M5B,"{'results': [{'address_components': [{'long_name': '20', 'short_name': '20', 'types': ['street_number']}, {'long_name': 'Gerrard Street East', 'short_name': 'Gerrard St E', 'types': ['route']}, {'long_name': 'Old Toronto', 'short_name': 'Old Toronto', 'types': ['political', 'sublocality', 'sublocality_level_1']}, {'long_name': 'Toronto', 'short_name': 'Toronto', 'types': ['locality', 'political']}, {'long_name': 'Toronto Division', 'short_name': 'Toronto Division', 'types': ['administrative_area_level_2', 'political']}, {'long_name': 'Ontario', 'short_name': 'ON', 'types': ['administrative_area_level_1', 'political']}, {'long_name': 'Canada', 'short_name': 'CA', 'types': ['country', 'political']}, {'long_name': 'M5B', 'short_name': 'M5B', 'types': ['postal_code', 'postal_code_prefix']}], 'formatted_address': '20 Gerrard St E, Toronto, ON M5B, Canada', 'geometry': {'location': {'lat': 43.6591964, 'lng': -79.3815506}, 'location_type': 'RANGE_INTERPOLATED', 'viewport': {'northeast': {'lat': 43.6605453802915, 'lng': -79.38020161970849}, 'southwest': {'lat': 43.6578474197085, 'lng': -79.38289958029151}}}, 'place_id': 'EiQyMCBHZXJyYXJkIFN0IEUsIFRvcm9udG8sIE9OLCBDYW5hZGEiGhIYChQKEgkx_PNntTQriBH-3JlADGK9HRAU', 'types': ['street_address']}], 'status': 'OK'}",20 Gerrard Street East,Toronto
43.6679018,-79.4056227,"21 Walmer Rd, Toronto, ON M5R 2W7, Canada",M5R 2W7,"{'results': [{'address_components': [{'long_name': '21', 'short_name': '21', 'types': ['street_number']}, {'long_name': 'Walmer Road', 'short_name': 'Walmer Rd', 'types': ['route']}, {'long_name': 'Old Toronto', 'short_name': 'Old Toronto', 'types': ['political', 'sublocality', 'sublocality_level_1']}, {'long_name': 'Toronto', 'short_name': 'Toronto', 'types': ['locality', 'political']}, {'long_name': 'Toronto Division', 'short_name': 'Toronto Division', 'types': ['administrative_area_level_2', 'political']}, {'long_name': 'Ontario', 'short_name': 'ON', 'types': ['administrative_area_level_1', 'political']}, {'long_name': 'Canada', 'short_name': 'CA', 'types': ['country', 'political']}, {'long_name': 'M5R 2W7', 'short_name': 'M5R 2W7', 'types': ['postal_code']}], 'formatted_address': '21 Walmer Rd, Toronto, ON M5R 2W7, Canada', 'geometry': {'location': {'lat': 43.6679018, 'lng': -79.4056227}, 'location_type': 'ROOFTOP', 'viewport': {'northeast': {'lat': 43.6692507802915, 'lng': -79.4042737197085}, 'southwest': {'lat': 43.6665528197085, 'lng': -79.4069716802915}}}, 'place_id': 'ChIJM5xDVZY0K4gRX7-cafN4YNw', 'plus_code': {'compound_code': 'MH9V+5Q Toronto, ON, Canada', 'global_code': '87M2MH9V+5Q'}, 'types': ['street_address']}], 'status': 'OK'}",21 Walmer Rd.,Toronto
43.6520518,-79.3914743,"23 Grange Rd, Toronto, ON M5T 1C3, Canada",M5T 1C3,"{'results': [{'address_components': [{'long_name': '23', 'short_name': '23', 'types': ['street_number']}, {'long_name': 'Grange Road', 'short_name': 'Grange Rd', 'types': ['route']}, {'long_name': 'Old Toronto', 'short_name': 'Old Toronto', 'types': ['political', 'sublocality', 'sublocality_level_1']}, {'long_name': 'Toronto', 'short_name': 'Toronto', 'types': ['locality', 'political']}, {'long_name': 'Toronto Division', 'short_name': 'Toronto Division', 'types': ['administrative_area_level_2', 'political']}, {'long_name': 'Ontario', 'short_name': 'ON', 'types': ['administrative_area_level_1', 'political']}, {'long_name': 'Canada', 'short_name': 'CA', 'types': ['country', 'political']}, {'long_name': 'M5T 1C3', 'short_name': 'M5T 1C3', 'types': ['postal_code']}], 'formatted_address': '23 Grange Rd, Toronto, ON M5T 1C3, Canada', 'geometry': {'location': {'lat': 43.6520518, 'lng': -79.3914743}, 'location_type': 'ROOFTOP', 'viewport': {'northeast': {'lat': 43.65340078029149, 'lng': -79.3901253197085}, 'southwest': {'lat': 43.6507028197085, 'lng': -79.39282328029151}}}, 'place_id': 'ChIJ-1U7h880K4gRxvI6l2Q-M88', 'plus_code': {'compound_code': 'MJ25+RC Toronto, ON, Canada', 'global_code': '87M2MJ25+RC'}, 'types': ['street_address']}], 'status': 'OK'}",23 Grange Road,Toronto
43.63783309999999,-79.4271845,"248 Dufferin St, Toronto, ON M6K 1Z5, Canada",M6K 1Z5,"{'results': [{'address_components': [{'long_name': '248', 'short_name': '248', 'types': ['street_number']}, {'long_name': 'Dufferin Street', 'short_name': 'Dufferin St', 'types': ['route']}, {'long_name': 'Old Toronto', 'short_name': 'Old Toronto', 'types': ['political', 'sublocality', 'sublocality_level_1']}, {'long_name': 'Toronto', 'short_name': 'Toronto', 'types': ['locality', 'political']}, {'long_name': 'Toronto Division', 'short_name': 'Toronto Division', 'types': ['administrative_area_level_2', 'political']}, {'long_name': 'Ontario', 'short_name': 'ON', 'types': ['administrative_area_level_1', 'political']}, {'long_name': 'Canada', 'short_name': 'CA', 'types': ['country', 'political']}, {'long_name': 'M6K 1Z5', 'short_name': 'M6K 1Z5', 'types': ['postal_code']}], 'formatted_address': '248 Dufferin St, Toronto, ON M6K 1Z5, Canada', 'geometry': {'location': {'lat': 43.63783309999999, 'lng': -79.4271845}, 'location_type': 'ROOFTOP', 'viewport': {'northeast': {'lat': 43.63918208029149, 'lng': -79.42583551970849}, 'southwest': {'lat': 43.63648411970849, 'lng': -79.4285334802915}}}, 'place_id': 'ChIJyUDFvak1K4gRZHkwB6mqelQ', 'plus_code': {'compound_code': 'JHQF+44 Toronto, ON, Canada', 'global_code': '87M2JHQF+44'}, 'types': ['street_address']}], 'status': 'OK'}",248 Dufferin Street,Toronto
43.7728179,-79.4147577,"25 Canterbury Pl, North York, ON M2N 0E3, Canada",M2N 0E3,"{'results': [{'address_components': [{'long_name': '25', 'short_name': '25', 'types': ['street_number']}, {'long_name': 'Canterbury Place', 'short_name': 'Canterbury Pl', 'types': ['route']}, {'long_name': 'North York', 'short_name': 'North York', 'types': ['political', 'sublocality', 'sublocality_level_1']}, {'long_name': 'Toronto', 'short_name': 'Toronto', 'types': ['locality', 'political']}, {'long_name': 'Toronto Division', 'short_name': 'Toronto Division', 'types': ['administrative_area_level_2', 'political']}, {'long_name': 'Ontario', 'short_name': 'ON', 'types': ['administrative_area_level_1', 'political']}, {'long_name': 'Canada', 'short_name': 'CA', 'types': ['country', 'political']}, {'long_name': 'M2N 0E3', 'short_name': 'M2N 0E3', 'types': ['postal_code']}], 'formatted_address': '25 Canterbury Pl, North York, ON M2N 0E3, Canada', 'geometry': {'bounds': {'northeast': {'lat': 43.7729327, 'lng': -79.4146246}, 'southwest': {'lat': 43.7726771, 'lng': -79.414868}}, 'location': {'lat': 43.7728179, 'lng': -79.4147577}, 'location_type': 'ROOFTOP', 'viewport': {'northeast': {'lat': 43.7741538802915, 'lng': -79.4133973197085}, 'southwest': {'lat': 43.7714559197085, 'lng': -79.41609528029151}}}, 'place_id': 'ChIJzy-kfHItK4gRgY1PDiigbfc', 'types': ['premise']}], 'status': 'OK'}",25 Canterbury Place,North York
43.7072091,-79.50431499999999,"265 Queens Dr, North York, ON M6L 3E2, Canada",M6L 3E2,"{'results': [{'address_components': [{'long_name': '265', 'short_name': '265', 'types': ['street_number']}, {'long_name': 'Queens Drive', 'short_name': 'Queens Dr', 'types': ['route']}, {'long_name': 'North York', 'short_name': 'North York', 'types': ['political', 'sublocality', 'sublocality_level_1']}, {'long_name': 'Toronto', 'short_name': 'Toronto', 'types': ['locality', 'political']}, {'long_name': 'Toronto Division', 'short_name': 'Toronto Division', 'types': ['administrative_area_level_2', 'political']}, {'long_name': 'Ontario', 'short_name': 'ON', 'types': ['administrative_area_level_1', 'political']}, {'long_name': 'Canada', 'short_name': 'CA', 'types': ['country', 'political']}, {'long_name': 'M6L 3E2', 'short_name': 'M6L 3E2', 'types': ['postal_code']}], 'formatted_address': '265 Queens Dr, North York, ON M6L 3E2, Canada', 'geometry': {'location': {'lat': 43.7072091, 'lng': -79.50431499999999}, 'location_type': 'ROOFTOP', 'viewport': {'northeast': {'lat': 43.7085580802915, 'lng': -79.50296601970848}, 'southwest': {'lat': 43.7058601197085, 'lng': -79.5056639802915}}}, 'place_id': 'ChIJ0d0oriIxK4gRkWoDevzGbzM', 'plus_code': {'compound_code': 'PF4W+V7 North York, Toronto, ON, Canada', 'global_code': '87M2PF4W+V7'}, 'types': ['street_address']}], 'status': 'OK'}",265 Queens Drive,Toronto
43.7392996,-79.5658713,"2671 Islington Ave, Etobicoke, ON M9V 2X6, Canada",M9V 2X6,"{'results': [{'address_components': [{'long_name': '2671', 'short_name': '2671', 'types': ['street_number']}, {'long_name': 'Islington Avenue', 'short_name': 'Islington Ave', 'types': ['route']}, {'long_name': 'Etobicoke', 'short_name': 'Etobicoke', 'types': ['political', 'sublocality', 'sublocality_level_1']}, {'long_name': 'Toronto', 'short_name': 'Toronto', 'types': ['locality', 'political']}, {'long_name': 'Toronto Division', 'short_name': 'Toronto Division', 'types': ['administrative_area_level_2', 'political']}, {'long_name': 'Ontario', 'short_name': 'ON', 'types': ['administrative_area_level_1', 'political']}, {'long_name': 'Canada', 'short_name': 'CA', 'types': ['country', 'political']}, {'long_name': 'M9V 2X6', 'short_name': 'M9V 2X6', 'types': ['postal_code']}], 'formatted_address': '2671 Islington Ave, Etobicoke, ON M9V 2X6, Canada', 'geometry': {'location': {'lat': 43.7392996, 'lng': -79.5658713}, 'location_type': 'ROOFTOP', 'viewport': {'northeast': {'lat': 43.7406485802915, 'lng': -79.5645223197085}, 'southwest': {'lat': 43.7379506197085, 'lng': -79.56722028029151}}}, 'place_id': 'ChIJtT4Nh4M6K4gRhaQ-dnI8TT8', 'plus_code': {'compound_code': 'PCQM+PM Etobicoke, Toronto, ON, Canada', 'global_code': '87M2PCQM+PM'}, 'types': ['street_address']}], 'status': 'OK'}",2671 Islington Avenue,Toronto
43.6891159,-79.2982555,"2714 Danforth Ave, Toronto, ON M4C 1L7, Canada",M4C 1L7,"{'results': [{'address_components': [{'long_name': '2714', 'short_name': '2714', 'types': ['street_number']}, {'long_name': 'Danforth Avenue', 'short_name': 'Danforth Ave', 'types': ['route']}, {'long_name': 'Old Toronto', 'short_name': 'Old Toronto', 'types': ['political', 'sublocality', 'sublocality_level_1']}, {'long_name': 'Toronto', 'short_name': 'Toronto', 'types': ['locality', 'political']}, {'long_name': 'Toronto Division', 'short_name': 'Toronto Division', 'types': ['administrative_area_level_2', 'political']}, {'long_name': 'Ontario', 'short_name': 'ON', 'types': ['administrative_area_level_1', 'political']}, {'long_name': 'Canada', 'short_name': 'CA', 'types': ['country', 'political']}, {'long_name': 'M4C 1L7', 'short_name': 'M4C 1L7', 'types': ['postal_code']}], 'formatted_address': '2714 Danforth Ave, Toronto, ON M4C 1L7, Canada', 'geometry': {'location': {'lat': 43.6891159, 'lng': -79.2982555}, 'location_type': 'ROOFTOP', 'viewport': {'northeast': {'lat': 43.69046488029149, 'lng': -79.2969065197085}, 'southwest': {'lat': 43.6877669197085, 'lng': -79.2996044802915}}}, 'place_id': 'ChIJfWmaeyLM1IkRKETnysuwYGM', 'plus_code': {'compound_code': 'MPQ2+JM Toronto, ON, Canada', 'global_code': '87M2MPQ2+JM'}, 'types': ['street_address']}], 'status': 'OK'}",2714 Danforth Avenue,Toronto
43.6656466,-79.4631728,"2808 Dundas St W, Toronto, ON M6P 1Y5, Canada",M6P 1Y5,"{'results': [{'address_components': [{'long_name': '2808', 'short_name': '2808', 'types': ['street_number']}, {'long_name': 'Dundas Street West', 'short_name': 'Dundas St W', 'types': ['route']}, {'long_name': 'York', 'short_name': 'York', 'types': ['political', 'sublocality', 'sublocality_level_1']}, {'long_name': 'Toronto', 'short_name': 'Toronto', 'types': ['locality', 'political']}, {'long_name': 'Toronto Division', 'short_name': 'Toronto Division', 'types': ['administrative_area_level_2', 'political']}, {'long_name': 'Ontario', 'short_name': 'ON', 'types': ['administrative_area_level_1', 'political']}, {'long_name': 'Canada', 'short_name': 'CA', 'types': ['country', 'political']}, {'long_name': 'M6P 1Y5', 'short_name': 'M6P 1Y5', 'types': ['postal_code']}], 'formatted_address': '2808 Dundas St W, Toronto, ON M6P 1Y5, Canada', 'geometry': {'bounds': {'northeast': {'lat': 43.66577909999999, 'lng': -79.46301}, 'southwest': {'lat': 43.6654949, 'lng': -79.4633394}}, 'location': {'lat': 43.6656466, 'lng': -79.4631728}, 'location_type': 'ROOFTOP', 'viewport': {'northeast': {'lat': 43.66698598029149, 'lng': -79.46182571970849}, 'southwest': {'lat': 43.66428801970849, 'lng': -79.4645236802915}}}, 'place_id': 'ChIJQdJzciI0K4gRkV-_lCCRfEo', 'types': ['premise']}], 'status': 'OK'}",2808 Dundas St W,Toronto
43.661969,-79.329504,"29 Leslie St, Toronto, ON M4M 3C3, Canada",M4M 3C3,"{'results': [{'address_components': [{'long_name': '29', 'short_name': '29', 'types': ['street_number']}, {'long_name': 'Leslie Street', 'short_name': 'Leslie St', 'types': ['route']}, {'long_name': 'Old Toronto', 'short_name': 'Old Toronto', 'types': ['political', 'sublocality', 'sublocality_level_1']}, {'long_name': 'Toronto', 'short_name': 'Toronto', 'types': ['locality', 'political']}, {'long_name': 'Toronto Division', 'short_name': 'Toronto Division', 'types': ['administrative_area_level_2', 'political']}, {'long_name': 'Ontario', 'short_name': 'ON', 'types': ['administrative_area_level_1', 'political']}, {'long_name': 'Canada', 'short_name': 'CA', 'types': ['country', 'political']}, {'long_name': 'M4M 3C3', 'short_name': 'M4M 3C3', 'types': ['postal_code']}], 'formatted_address': '29 Leslie St, Toronto, ON M4M 3C3, Canada', 'geometry': {'location': {'lat': 43.661969, 'lng': -79.329504}, 'location_type': 'ROOFTOP', 'viewport': {'northeast': {'lat': 43.6633179802915, 'lng': -79.32815501970849}, 'southwest': {'lat': 43.6606200197085, 'lng': -79.33085298029151}}}, 'place_id': 'ChIJB6RkYJvL1IkRyAVqwYuYFmY', 'plus_code': {'compound_code': 'MM6C+Q5 Toronto, ON, Canada', 'global_code': '87M2MM6C+Q5'}, 'types': ['street_address']}], 'status': 'OK'}",29 Leslie Street,Toronto
43.66057139999999,-79.3714147,"291 Sherbourne St, Toronto, ON M5A 2R9, Canada",M5A 2R9,"{'results': [{'address_components': [{'long_name': '291', 'short_name': '291', 'types': ['street_number']}, {'long_name': 'Sherbourne Street', 'short_name': 'Sherbourne St', 'types': ['route']}, {'long_name': 'Old Toronto', 'short_name': 'Old Toronto', 'types': ['political', 'sublocality', 'sublocality_level_1']}, {'long_name': 'Toronto', 'short_name': 'Toronto', 'types': ['locality', 'political']}, {'long_name': 'Toronto Division', 'short_name': 'Toronto Division', 'types': ['administrative_area_level_2', 'political']}, {'long_name': 'Ontario', 'short_name': 'ON', 'types': ['administrative_area_level_1', 'political']}, {'long_name': 'Canada', 'short_name': 'CA', 'types': ['country', 'political']}, {'long_name': 'M5A 2R9', 'short_name': 'M5A 2R9', 'types': ['postal_code']}], 'formatted_address': '291 Sherbourne St, Toronto, ON M5A 2R9, Canada', 'geometry': {'bounds': {'northeast': {'lat': 43.6608843, 'lng': -79.3710864}, 'southwest': {'lat': 43.6604764, 'lng': -79.3718265}}, 'location': {'lat': 43.66057139999999, 'lng': -79.3714147}, 'location_type': 'ROOFTOP', 'viewport': {'northeast': {'lat': 43.6620293302915, 'lng': -79.37010746970849}, 'southwest': {'lat': 43.6593313697085, 'lng': -79.3728054302915}}}, 'place_id': 'ChIJ_zo940jL1IkRIvEAcO77iH8', 'types': ['premise']}], 'status': 'OK'}",291 Sherbourne Street,Toronto
43.7342249,-79.2234829,"3306 Kingston Rd, Scarborough, ON M1M 1P8, Canada",M1M 1P8,"{'results': [{'address_components': [{'long_name': '3306', 'short_name': '3306', 'types': ['street_number']}, {'long_name': 'Kingston Road', 'short_name': 'Kingston Rd', 'types': ['route']}, {'long_name': 'Scarborough', 'short_name': 'Scarborough', 'types': ['political', 'sublocality', 'sublocality_level_1']}, {'long_name': 'Toronto', 'short_name': 'Toronto', 'types': ['locality', 'political']}, {'long_name': 'Toronto Division', 'short_name': 'Toronto Division', 'types': ['administrative_area_level_2', 'political']}, {'long_name': 'Ontario', 'short_name': 'ON', 'types': ['administrative_area_level_1', 'political']}, {'long_name': 'Canada', 'short_name': 'CA', 'types': ['country', 'political']}, {'long_name': 'M1M 1P8', 'short_name': 'M1M 1P8', 'types': ['postal_code']}], 'formatted_address': '3306 Kingston Rd, Scarborough, ON M1M 1P8, Canada', 'geometry': {'bounds': {'northeast': {'lat': 43.73464269999999, 'lng': -79.22325479999999}, 'southwest': {'lat': 43.7338455, 'lng': -79.2237808}}, 'location': {'lat': 43.7342249, 'lng': -79.2234829}, 'location_type': 'ROOFTOP', 'viewport': {'northeast': {'lat': 43.7355930802915, 'lng': -79.2221688197085}, 'southwest': {'lat': 43.7328951197085, 'lng': -79.2248667802915}}}, 'place_id': 'ChIJmaVaDt7P1IkR8oOq0bqx8Yc', 'types': ['premise']}], 'status': 'OK'}",3306 Kingston Road,Toronto
43.6595832,-79.3739222,"339 George St, Toronto, ON M5A 2N2, Canada",M5A 2N2,"{'results': [{'address_components': [{'long_name': '339', 'short_name': '339', 'types': ['street_number']}, {'long_name': 'George Street', 'short_name': 'George St', 'types': ['route']}, {'long_name': 'Old Toronto', 'short_name': 'Old Toronto', 'types': ['political', 'sublocality', 'sublocality_level_1']}, {'long_name': 'Toronto', 'short_name': 'Toronto', 'types': ['locality', 'political']}, {'long_name': 'Toronto Division', 'short_name': 'Toronto Division', 'types': ['administrative_area_level_2', 'political']}, {'long_name': 'Ontario', 'short_name': 'ON', 'types': ['administrative_area_level_1', 'political']}, {'long_name': 'Canada', 'short_name': 'CA', 'types': ['country', 'political']}, {'long_name': 'M5A 2N2', 'short_name': 'M5A 2N2', 'types': ['postal_code']}], 'formatted_address': '339 George St, Toronto, ON M5A 2N2, Canada', 'geometry': {'bounds': {'northeast': {'lat': 43.6600451, 'lng': -79.3735994}, 'southwest': {'lat': 43.6591353, 'lng': -79.3743787}}, 'location': {'lat': 43.6595832, 'lng': -79.3739222}, 'location_type': 'ROOFTOP', 'viewport': {'northeast': {'lat': 43.66093918029149, 'lng': -79.3726400697085}, 'southwest': {'lat': 43.6582412197085, 'lng': -79.3753380302915}}}, 'place_id': 'ChIJV0Gbj0nL1IkRxol7l66amJo', 'types': ['premise']}], 'status': 'OK'}",339 George Street,Toronto
43.798025,-79.39520569999999,"3410 Bayview Ave, North York, ON M2M 3S3, Canada",M2M 3S3,"{'results': [{'address_components': [{'long_name': '3410', 'short_name': '3410', 'types': ['street_number']}, {'long_name': 'Bayview Avenue', 'short_name': 'Bayview Ave', 'types': ['route']}, {'long_name': 'North York', 'short_name': 'North York', 'types': ['political', 'sublocality', 'sublocality_level_1']}, {'long_name': 'Toronto', 'short_name': 'Toronto', 'types': ['locality', 'political']}, {'long_name': 'Toronto Division', 'short_name': 'Toronto Division', 'types': ['administrative_area_level_2', 'political']}, {'long_name': 'Ontario', 'short_name': 'ON', 'types': ['administrative_area_level_1', 'political']}, {'long_name': 'Canada', 'short_name': 'CA', 'types': ['country', 'political']}, {'long_name': 'M2M 3S3', 'short_name': 'M2M 3S3', 'types': ['postal_code']}], 'formatted_address': '3410 Bayview Ave, North York, ON M2M 3S3, Canada', 'geometry': {'location': {'lat': 43.798025, 'lng': -79.39520569999999}, 'location_type': 'ROOFTOP', 'viewport': {'northeast': {'lat': 43.79937398029149, 'lng': -79.39385671970848}, 'southwest': {'lat': 43.79667601970849, 'lng': -79.3965546802915}}}, 'place_id': 'ChIJbSMJz9ssK4gRqBBsCAVC8So', 'plus_code': {'compound_code': 'QJX3+6W North York, Toronto, ON, Canada', 'global_code': '87M2QJX3+6W'}, 'types': ['street_address']}], 'status': 'OK'}",3410 Bayview Avenue,Toronto
43.6754029,-79.4013484,"348 Davenport Rd, Toronto, ON M5R 1K6, Canada",M5R 1K6,"{'results': [{'address_components': [{'long_name': '348', 'short_name': '348', 'types': ['street_number']}, {'long_name': 'Davenport Road', 'short_name': 'Davenport Rd', 'types': ['route']}, {'long_name': 'Old Toronto', 'short_name': 'Old Toronto', 'types': ['political', 'sublocality', 'sublocality_level_1']}, {'long_name': 'Toronto', 'short_name': 'Toronto', 'types': ['locality', 'political']}, {'long_name': 'Toronto Division', 'short_name': 'Toronto Division', 'types': ['administrative_area_level_2', 'political']}, {'long_name': 'Ontario', 'short_name': 'ON', 'types': ['administrative_area_level_1', 'political']}, {'long_name': 'Canada', 'short_name': 'CA', 'types': ['country', 'political']}, {'long_name': 'M5R 1K6', 'short_name': 'M5R 1K6', 'types': ['postal_code']}], 'formatted_address': '348 Davenport Rd, Toronto, ON M5R 1K6, Canada', 'geometry': {'bounds': {'northeast': {'lat': 43.6755435, 'lng': -79.4011494}, 'southwest': {'lat': 43.67524239999999, 'lng': -79.4015507}}, 'location': {'lat': 43.6754029, 'lng': -79.4013484}, 'location_type': 'ROOFTOP', 'viewport': {'northeast': {'lat': 43.67674193029149, 'lng': -79.40000106970848}, 'southwest': {'lat': 43.6740439697085, 'lng': -79.4026990302915}}}, 'place_id': 'ChIJW47vkqE0K4gRYRJbdtZAhXg', 'types': ['premise']}], 'status': 'OK'}",348 Davenport Rd.,Toronto
43.6601444,-79.3743056,"349 George St, Toronto, ON M5A 2N2, Canada",M5A 2N2,"{'results': [{'address_components': [{'long_name': '349', 'short_name': '349', 'types': ['street_number']}, {'long_name': 'George Street', 'short_name': 'George St', 'types': ['route']}, {'long_name': 'Old Toronto', 'short_name': 'Old Toronto', 'types': ['political', 'sublocality', 'sublocality_level_1']}, {'long_name': 'Toronto', 'short_name': 'Toronto', 'types': ['locality', 'political']}, {'long_name': 'Toronto Division', 'short_name': 'Toronto Division', 'types': ['administrative_area_level_2', 'political']}, {'long_name': 'Ontario', 'short_name': 'ON', 'types': ['administrative_area_level_1', 'political']}, {'long_name': 'Canada', 'short_name': 'CA', 'types': ['country', 'political']}, {'long_name': 'M5A 2N2', 'short_name': 'M5A 2N2', 'types': ['postal_code']}], 'formatted_address': '349 George St, Toronto, ON M5A 2N2, Canada', 'geometry': {'location': {'lat': 43.6601444, 'lng': -79.3743056}, 'location_type': 'ROOFTOP', 'viewport': {'northeast': {'lat': 43.6614933802915, 'lng': -79.37295661970849}, 'southwest': {'lat': 43.6587954197085, 'lng': -79.37565458029151}}}, 'place_id': 'ChIJnRszgknL1IkR0_QlEZ4e8rg', 'plus_code': {'compound_code': 'MJ6G+37 Toronto, ON, Canada', 'global_code': '87M2MJ6G+37'}, 'types': ['street_address']}], 'status': 'OK'}",349 George Street,Toronto
43.717528,-79.2581094,"Scarborough Church of God, 3576 St Clair Ave E, Scarborough, ON M1K 1M2, Canada",M1K 1M2,"{'results': [{'address_components': [{'long_name': 'Scarborough Church of God', 'short_name': 'Scarborough Church of God', 'types': ['premise']}, {'long_name': '3576', 'short_name': '3576', 'types': ['street_number']}, {'long_name': 'Saint Clair Avenue East', 'short_name': 'St Clair Ave E', 'types': ['route']}, {'long_name': 'Scarborough', 'short_name': 'Scarborough', 'types': ['political', 'sublocality', 'sublocality_level_1']}, {'long_name': 'Toronto', 'short_name': 'Toronto', 'types': ['locality', 'political']}, {'long_name': 'Toronto Division', 'short_name': 'Toronto Division', 'types': ['administrative_area_level_2', 'political']}, {'long_name': 'Ontario', 'short_name': 'ON', 'types': ['administrative_area_level_1', 'political']}, {'long_name': 'Canada', 'short_name': 'CA', 'types': ['country', 'political']}, {'long_name': 'M1K 1M2', 'short_name': 'M1K 1M2', 'types': ['postal_code']}], 'formatted_address': 'Scarborough Church of God, 3576 St Clair Ave E, Scarborough, ON M1K 1M2, Canada', 'geometry': {'bounds': {'northeast': {'lat': 43.7176544, 'lng': -79.2579052}, 'southwest': {'lat': 43.7173948, 'lng': -79.25836629999999}}, 'location': {'lat': 43.717528, 'lng': -79.2581094}, 'location_type': 'ROOFTOP', 'viewport': {'northeast': {'lat': 43.71887358029149, 'lng': -79.25678676970848}, 'southwest': {'lat': 43.71617561970849, 'lng': -79.2594847302915}}}, 'place_id': 'ChIJ7VZTw0XO1IkR4jNJIdcxWdg', 'types': ['premise']}], 'status': 'OK'}",3576 St. Clair Avenue East,Scarborough
43.7633708,-79.36089989999999,"360 Lesmill Rd, North York, ON M3B 2T5, Canada",M3B 2T5,"{'results': [{'address_components': [{'long_name': '360', 'short_name': '360', 'types': ['street_number']}, {'long_name': 'Lesmill Road', 'short_name': 'Lesmill Rd', 'types': ['route']}, {'long_name': 'North York', 'short_name': 'North York', 'types': ['political', 'sublocality', 'sublocality_level_1']}, {'long_name': 'Toronto', 'short_name': 'Toronto', 'types': ['locality', 'political']}, {'long_name': 'Toronto Division', 'short_name': 'Toronto Division', 'types': ['administrative_area_level_2', 'political']}, {'long_name': 'Ontario', 'short_name': 'ON', 'types': ['administrative_area_level_1', 'political']}, {'long_name': 'Canada', 'short_name': 'CA', 'types': ['country', 'political']}, {'long_name': 'M3B 2T5', 'short_name': 'M3B 2T5', 'types': ['postal_code']}], 'formatted_address': '360 Lesmill Rd, North York, ON M3B 2T5, Canada', 'geometry': {'bounds': {'northeast': {'lat': 43.76349949999999, 'lng': -79.3605425}, 'southwest': {'lat': 43.7632074, 'lng': -79.3611858}}, 'location': {'lat': 43.7633708, 'lng': -79.36089989999999}, 'location_type': 'ROOFTOP', 'viewport': {'northeast': {'lat': 43.7647024302915, 'lng': -79.3595151697085}, 'southwest': {'lat': 43.7620044697085, 'lng': -79.36221313029151}}}, 'place_id': 'ChIJ9_eQVbzS1IkRHlmVVt5fDcs', 'types': ['premise']}], 'status': 'OK'}",360 Lesmill Road,North York
43.641138,-79.402383,"38 Bathurst St, Toronto, ON M5V 3W3, Canada",M5V 3W3,"{'results': [{'address_components': [{'long_name': '38', 'short_name': '38', 'types': ['street_number']}, {'long_name': 'Bathurst Street', 'short_name': 'Bathurst St', 'types': ['route']}, {'long_name': 'Old Toronto', 'short_name': 'Old Toronto', 'types': ['political', 'sublocality', 'sublocality_level_1']}, {'long_name': 'Toronto', 'short_name': 'Toronto', 'types': ['locality', 'political']}, {'long_name': 'Toronto Division', 'short_name': 'Toronto Division', 'types': ['administrative_area_level_2', 'political']}, {'long_name': 'Ontario', 'short_name': 'ON', 'types': ['administrative_area_level_1', 'political']}, {'long_name': 'Canada', 'short_name': 'CA', 'types': ['country', 'political']}, {'long_name': 'M5V 3W3', 'short_name': 'M5V 3W3', 'types': ['postal_code']}], 'formatted_address': '38 Bathurst St, Toronto, ON M5V 3W3, Canada', 'geometry': {'location': {'lat': 43.641138, 'lng': -79.402383}, 'location_type': 'ROOFTOP', 'viewport': {'northeast': {'lat': 43.64248698029149, 'lng': -79.4010340197085}, 'southwest': {'lat': 43.6397890197085, 'lng': -79.40373198029151}}}, 'place_id': 'ChIJ821aBCA1K4gRFqBxqb36SBk', 'plus_code': {'compound_code': 'JHRX+F2 Toronto, ON, Canada', 'global_code': '87M2JHRX+F2'}, 'types': ['street_address']}], 'status': 'OK'}",38 Bathrust St,Toronto
43.6616385,-79.3790235,"389 Church St, Toronto, ON M5B 2A1, Canada",M5B 2A1,"{'results': [{'address_components': [{'long_name': '389', 'short_name': '389', 'types': ['street_number']}, {'long_name': 'Church Street', 'short_name': 'Church St', 'types': ['route']}, {'long_name': 'Old Toronto', 'short_name': 'Old Toronto', 'types': ['political', 'sublocality', 'sublocality_level_1']}, {'long_name': 'Toronto', 'short_name': 'Toronto', 'types': ['locality', 'political']}, {'long_name': 'Toronto Division', 'short_name': 'Toronto Division', 'types': ['administrative_area_level_2', 'political']}, {'long_name': 'Ontario', 'short_name': 'ON', 'types': ['administrative_area_level_1', 'political']}, {'long_name': 'Canada', 'short_name': 'CA', 'types': ['country', 'political']}, {'long_name': 'M5B 2A1', 'short_name': 'M5B 2A1', 'types': ['postal_code']}], 'formatted_address': '389 Church St, Toronto, ON M5B 2A1, Canada', 'geometry': {'location': {'lat': 43.6616385, 'lng': -79.3790235}, 'location_type': 'ROOFTOP', 'viewport': {'northeast': {'lat': 43.6629874802915, 'lng': -79.3776745197085}, 'southwest': {'lat': 43.6602895197085, 'lng': -79.38037248029151}}}, 'place_id': 'ChIJsTh6PUvL1IkR5K4-7bhn9TU', 'plus_code': {'compound_code': 'MJ6C+M9 Toronto, ON, Canada', 'global_code': '87M2MJ6C+M9'}, 'types': ['street_address']}], 'status': 'OK'}",389 Church Street,Toronto
43.6561511,-79.3625224,"412 Queen St E, Toronto, ON M5A 1T3, Canada",M5A 1T3,"{'results': [{'address_components': [{'long_name': '412', 'short_name': '412', 'types': ['street_number']}, {'long_name': 'Queen Street East', 'short_name': 'Queen St E', 'types': ['route']}, {'long_name': 'Old Toronto', 'short_name': 'Old Toronto', 'types': ['political', 'sublocality', 'sublocality_level_1']}, {'long_name': 'Toronto', 'short_name': 'Toronto', 'types': ['locality', 'political']}, {'long_name': 'Toronto Division', 'short_name': 'Toronto Division', 'types': ['administrative_area_level_2', 'political']}, {'long_name': 'Ontario', 'short_name': 'ON', 'types': ['administrative_area_level_1', 'political']}, {'long_name': 'Canada', 'short_name': 'CA', 'types': ['country', 'political']}, {'long_name': 'M5A 1T3', 'short_name': 'M5A 1T3', 'types': ['postal_code']}], 'formatted_address': '412 Queen St E, Toronto, ON M5A 1T3, Canada', 'geometry': {'location': {'lat': 43.6561511, 'lng': -79.3625224}, 'location_type': 'ROOFTOP', 'viewport': {'northeast': {'lat': 43.65750008029149, 'lng': -79.36117341970849}, 'southwest': {'lat': 43.6548021197085, 'lng': -79.36387138029151}}}, 'place_id': 'ChIJ4d_CRD_L1IkRaG8PZSX32CI', 'plus_code': {'compound_code': 'MJ4P+FX Toronto, ON, Canada', 'global_code': '87M2MJ4P+FX'}, 'types': ['street_address']}], 'status': 'OK'}",412 Queen Street East,Toronto
43.68935310000001,-79.46238819999999,"422 Gilbert Ave, York, ON M6E 4X3, Canada",M6E 4X3,"{'results': [{'address_components': [{'long_name': '422', 'short_name': '422', 'types': ['street_number']}, {'long_name': 'Gilbert Avenue', 'short_name': 'Gilbert Ave', 'types': ['route']}, {'long_name': 'York', 'short_name': 'York', 'types': ['political', 'sublocality', 'sublocality_level_1']}, {'long_name': 'Toronto', 'short_name': 'Toronto', 'types': ['locality', 'political']}, {'long_name': 'Toronto Division', 'short_name': 'Toronto Division', 'types': ['administrative_area_level_2', 'political']}, {'long_name': 'Ontario', 'short_name': 'ON', 'types': ['administrative_area_level_1', 'political']}, {'long_name': 'Canada', 'short_name': 'CA', 'types': ['country', 'political']}, {'long_name': 'M6E 4X3', 'short_name': 'M6E 4X3', 'types': ['postal_code']}], 'formatted_address': '422 Gilbert Ave, York, ON M6E 4X3, Canada', 'geometry': {'bounds': {'northeast': {'lat': 43.689521, 'lng': -79.4621773}, 'southwest': {'lat': 43.6892134, 'lng': -79.46258399999999}}, 'location': {'lat': 43.68935310000001, 'lng': -79.46238819999999}, 'location_type': 'ROOFTOP', 'viewport': {'northeast': {'lat': 43.6907161802915, 'lng': -79.46103166970849}, 'southwest': {'lat': 43.6880182197085, 'lng': -79.46372963029151}}}, 'place_id': 'ChIJ2bFcevkzK4gRc6UHVM-she4', 'types': ['premise']}], 'status': 'OK'}",422 Gilbert Avenue,Toronto
43.7607677,-79.1967389,"4222 Kingston Rd, Scarborough, ON M1E 2M6, Canada",M1E 2M6,"{'results': [{'address_components': [{'long_name': '4222', 'short_name': '4222', 'types': ['street_number']}, {'long_name': 'Kingston Road', 'short_name': 'Kingston Rd', 'types': ['route']}, {'long_name': 'Scarborough', 'short_name': 'Scarborough', 'types': ['political', 'sublocality', 'sublocality_level_1']}, {'long_name': 'Toronto', 'short_name': 'Toronto', 'types': ['locality', 'political']}, {'long_name': 'Toronto Division', 'short_name': 'Toronto Division', 'types': ['administrative_area_level_2', 'political']}, {'long_name': 'Ontario', 'short_name': 'ON', 'types': ['administrative_area_level_1', 'political']}, {'long_name': 'Canada', 'short_name': 'CA', 'types': ['country', 'political']}, {'long_name': 'M1E 2M6', 'short_name': 'M1E 2M6', 'types': ['postal_code']}], 'formatted_address': '4222 Kingston Rd, Scarborough, ON M1E 2M6, Canada', 'geometry': {'location': {'lat': 43.7607677, 'lng': -79.1967389}, 'location_type': 'ROOFTOP', 'viewport': {'northeast': {'lat': 43.7621166802915, 'lng': -79.1953899197085}, 'southwest': {'lat': 43.7594187197085, 'lng': -79.19808788029151}}}, 'place_id': 'ChIJ_S9bOJza1IkRY9Deg6x4uKI', 'plus_code': {'compound_code': 'QR63+88 Scarborough, Toronto, ON, Canada', 'global_code': '87M2QR63+88'}, 'types': ['street_address']}], 'status': 'OK'}",4222 Kingston Road,Toronto
43.665211,-79.4188483,"43 Christie St, Toronto, ON M6G 3B1, Canada",M6G 3B1,"{'results': [{'address_components': [{'long_name': '43', 'short_name': '43', 'types': ['street_number']}, {'long_name': 'Christie Street', 'short_name': 'Christie St', 'types': ['route']}, {'long_name': 'Old Toronto', 'short_name': 'Old Toronto', 'types': ['political', 'sublocality', 'sublocality_level_1']}, {'long_name': 'Toronto', 'short_name': 'Toronto', 'types': ['locality', 'political']}, {'long_name': 'Toronto Division', 'short_name': 'Toronto Division', 'types': ['administrative_area_level_2', 'political']}, {'long_name': 'Ontario', 'short_name': 'ON', 'types': ['administrative_area_level_1', 'political']}, {'long_name': 'Canada', 'short_name': 'CA', 'types': ['country', 'political']}, {'long_name': 'M6G 3B1', 'short_name': 'M6G 3B1', 'types': ['postal_code']}], 'formatted_address': '43 Christie St, Toronto, ON M6G 3B1, Canada', 'geometry': {'bounds': {'northeast': {'lat': 43.6652747, 'lng': -79.41864439999999}, 'southwest': {'lat': 43.6651232, 'lng': -79.4189293}}, 'location': {'lat': 43.665211, 'lng': -79.4188483}, 'location_type': 'ROOFTOP', 'viewport': {'northeast': {'lat': 43.6665479302915, 'lng': -79.4174378697085}, 'southwest': {'lat': 43.6638499697085, 'lng': -79.4201358302915}}}, 'place_id': 'ChIJra_hbow0K4gRUrG6UAh_VcY', 'types': ['premise']}], 'status': 'OK'}",43 Christie Street,Toronto
43.6481874,-79.39796910000001,"485 Queen St W, Toronto, ON M5V 2A9, Canada",M5V 2A9,"{'results': [{'address_components': [{'long_name': '485', 'short_name': '485', 'types': ['street_number']}, {'long_name': 'Queen Street West', 'short_name': 'Queen St W', 'types': ['route']}, {'long_name': 'Old Toronto', 'short_name': 'Old Toronto', 'types': ['political', 'sublocality', 'sublocality_level_1']}, {'long_name': 'Toronto', 'short_name': 'Toronto', 'types': ['locality', 'political']}, {'long_name': 'Toronto Division', 'short_name': 'Toronto Division', 'types': ['administrative_area_level_2', 'political']}, {'long_name': 'Ontario', 'short_name': 'ON', 'types': ['administrative_area_level_1', 'political']}, {'long_name': 'Canada', 'short_name': 'CA', 'types': ['country', 'political']}, {'long_name': 'M5V 2A9', 'short_name': 'M5V 2A9', 'types': ['postal_code']}], 'formatted_address': '485 Queen St W, Toronto, ON M5V 2A9, Canada', 'geometry': {'bounds': {'northeast': {'lat': 43.6483315, 'lng': -79.3978375}, 'southwest': {'lat': 43.6480393, 'lng': -79.3980739}}, 'location': {'lat': 43.6481874, 'lng': -79.39796910000001}, 'location_type': 'ROOFTOP', 'viewport': {'northeast': {'lat': 43.6495343802915, 'lng': -79.3966067197085}, 'southwest': {'lat': 43.6468364197085, 'lng': -79.39930468029151}}}, 'place_id': 'ChIJBYO0Ytw0K4gRekqViuOzrvo', 'types': ['premise']}], 'status': 'OK'}",485 Queen St West,Toronto
43.6676497,-79.37508299999999,"490 Sherbourne St 2nd floor, Toronto, ON M4X 1K9, Canada",M4X 1K9,"{'results': [{'address_components': [{'long_name': '2nd floor', 'short_name': '2nd floor', 'types': ['subpremise']}, {'long_name': '490', 'short_name': '490', 'types': ['street_number']}, {'long_name': 'Sherbourne Street', 'short_name': 'Sherbourne St', 'types': ['route']}, {'long_name': 'Old Toronto', 'short_name': 'Old Toronto', 'types': ['political', 'sublocality', 'sublocality_level_1']}, {'long_name': 'Toronto', 'short_name': 'Toronto', 'types': ['locality', 'political']}, {'long_name': 'Toronto Division', 'short_name': 'Toronto Division', 'types': ['administrative_area_level_2', 'political']}, {'long_name': 'Ontario', 'short_name': 'ON', 'types': ['administrative_area_level_1', 'political']}, {'long_name': 'Canada', 'short_name': 'CA', 'types': ['country', 'political']}, {'long_name': 'M4X 1K9', 'short_name': 'M4X 1K9', 'types': ['postal_code']}], 'formatted_address': '490 Sherbourne St 2nd floor, Toronto, ON M4X 1K9, Canada', 'geometry': {'location': {'lat': 43.6676497, 'lng': -79.37508299999999}, 'location_type': 'ROOFTOP', 'viewport': {'northeast': {'lat': 43.6689986802915, 'lng': -79.3737340197085}, 'southwest': {'lat': 43.6663007197085, 'lng': -79.3764319802915}}}, 'place_id': 'Ejg0OTAgU2hlcmJvdXJuZSBTdCAybmQgZmxvb3IsIFRvcm9udG8sIE9OIE00WCAxSzksIENhbmFkYSIlGiMKFgoUChIJp4COAFLL1IkRe2K8l61eW5ISCTJuZCBmbG9vcg', 'types': ['subpremise']}], 'status': 'OK'}","490 Sherbourne Street, 2nd floor",Toronto
43.6586304,-79.4007405,"502 Spadina Ave, Toronto, ON M5S 2H1, Canada",M5S 2H1,"{'results': [{'address_components': [{'long_name': '502', 'short_name': '502', 'types': ['street_number']}, {'long_name': 'Spadina Avenue', 'short_name': 'Spadina Ave', 'types': ['route']}, {'long_name': 'Old Toronto', 'short_name': 'Old Toronto', 'types': ['political', 'sublocality', 'sublocality_level_1']}, {'long_name': 'Toronto', 'short_name': 'Toronto', 'types': ['locality', 'political']}, {'long_name': 'Toronto Division', 'short_name': 'Toronto Division', 'types': ['administrative_area_level_2', 'political']}, {'long_name': 'Ontario', 'short_name': 'ON', 'types': ['administrative_area_level_1', 'political']}, {'long_name': 'Canada', 'short_name': 'CA', 'types': ['country', 'political']}, {'long_name': 'M5S 2H1', 'short_name': 'M5S 2H1', 'types': ['postal_code']}], 'formatted_address': '502 Spadina Ave, Toronto, ON M5S 2H1, Canada', 'geometry': {'location': {'lat': 43.6586304, 'lng': -79.4007405}, 'location_type': 'ROOFTOP', 'viewport': {'northeast': {'lat': 43.6599793802915, 'lng': -79.39939151970849}, 'southwest': {'lat': 43.6572814197085, 'lng': -79.40208948029151}}}, 'place_id': 'ChIJD2SsWsA0K4gRPbvqksogugs', 'plus_code': {'compound_code': 'MH5X+FP Toronto, ON, Canada', 'global_code': '87M2MH5X+FP'}, 'types': ['street_address']}], 'status': 'OK'}",502 Spadina Ave.,Toronto
43.6676312,-79.3793101,"512 Jarvis St, Toronto, ON M4Y 2H6, Canada",M4Y 2H6,"{'results': [{'address_components': [{'long_name': '512', 'short_name': '512', 'types': ['street_number']}, {'long_name': 'Jarvis Street', 'short_name': 'Jarvis St', 'types': ['route']}, {'long_name': 'Old Toronto', 'short_name': 'Old Toronto', 'types': ['political', 'sublocality', 'sublocality_level_1']}, {'long_name': 'Toronto', 'short_name': 'Toronto', 'types': ['locality', 'political']}, {'long_name': 'Toronto Division', 'short_name': 'Toronto Division', 'types': ['administrative_area_level_2', 'political']}, {'long_name': 'Ontario', 'short_name': 'ON', 'types': ['administrative_area_level_1', 'political']}, {'long_name': 'Canada', 'short_name': 'CA', 'types': ['country', 'political']}, {'long_name': 'M4Y 2H6', 'short_name': 'M4Y 2H6', 'types': ['postal_code']}], 'formatted_address': '512 Jarvis St, Toronto, ON M4Y 2H6, Canada', 'geometry': {'bounds': {'northeast': {'lat': 43.6676853, 'lng': -79.3791324}, 'southwest': {'lat': 43.6675499, 'lng': -79.37945160000001}}, 'location': {'lat': 43.6676312, 'lng': -79.3793101}, 'location_type': 'ROOFTOP', 'viewport': {'northeast': {'lat': 43.6689665802915, 'lng': -79.37794301970851}, 'southwest': {'lat': 43.6662686197085, 'lng': -79.38064098029152}}}, 'place_id': 'ChIJ6_lMWU3L1IkRLB2BEoko89o', 'types': ['premise']}], 'status': 'OK'}",512 Jarvis St.,Toronto
43.6719808,-79.3738789,"525 Bloor St E, Toronto, ON M4W 1J1, Canada",M4W 1J1,"{'results': [{'address_components': [{'long_name': '525', 'short_name': '525', 'types': ['street_number']}, {'long_name': 'Bloor Street East', 'short_name': 'Bloor St E', 'types': ['route']}, {'long_name': 'Old Toronto', 'short_name': 'Old Toronto', 'types': ['political', 'sublocality', 'sublocality_level_1']}, {'long_name': 'Toronto', 'short_name': 'Toronto', 'types': ['locality', 'political']}, {'long_name': 'Toronto Division', 'short_name': 'Toronto Division', 'types': ['administrative_area_level_2', 'political']}, {'long_name': 'Ontario', 'short_name': 'ON', 'types': ['administrative_area_level_1', 'political']}, {'long_name': 'Canada', 'short_name': 'CA', 'types': ['country', 'political']}, {'long_name': 'M4W 1J1', 'short_name': 'M4W 1J1', 'types': ['postal_code']}], 'formatted_address': '525 Bloor St E, Toronto, ON M4W 1J1, Canada', 'geometry': {'location': {'lat': 43.6719808, 'lng': -79.3738789}, 'location_type': 'ROOFTOP', 'viewport': {'northeast': {'lat': 43.6733297802915, 'lng': -79.37252991970848}, 'southwest': {'lat': 43.6706318197085, 'lng': -79.3752278802915}}}, 'place_id': 'ChIJy18PTVHL1IkRDCq_Ko-7fPY', 'plus_code': {'compound_code': 'MJCG+QC Toronto, ON, Canada', 'global_code': '87M2MJCG+QC'}, 'types': ['street_address']}], 'status': 'OK'}",525 Bloor Street East,Toronto
43.6584733,-79.4088139,"558 Bathurst St, Toronto, ON M5S 2P9, Canada",M5S 2P9,"{'results': [{'address_components': [{'long_name': '558', 'short_name': '558', 'types': ['street_number']}, {'long_name': 'Bathurst Street', 'short_name': 'Bathurst St', 'types': ['route']}, {'long_name': 'Old Toronto', 'short_name': 'Old Toronto', 'types': ['political', 'sublocality', 'sublocality_level_1']}, {'long_name': 'Toronto', 'short_name': 'Toronto', 'types': ['locality', 'political']}, {'long_name': 'Toronto Division', 'short_name': 'Toronto Division', 'types': ['administrative_area_level_2', 'political']}, {'long_name': 'Ontario', 'short_name': 'ON', 'types': ['administrative_area_level_1', 'political']}, {'long_name': 'Canada', 'short_name': 'CA', 'types': ['country', 'political']}, {'long_name': 'M5S 2P9', 'short_name': 'M5S 2P9', 'types': ['postal_code']}], 'formatted_address': '558 Bathurst St, Toronto, ON M5S 2P9, Canada', 'geometry': {'location': {'lat': 43.6584733, 'lng': -79.4088139}, 'location_type': 'ROOFTOP', 'viewport': {'northeast': {'lat': 43.6598222802915, 'lng': -79.4074649197085}, 'southwest': {'lat': 43.6571243197085, 'lng': -79.41016288029151}}}, 'place_id': 'ChIJz9Ksfuw0K4gRYEOfqFMMwzI', 'plus_code': {'compound_code': 'MH5R+9F Toronto, ON, Canada', 'global_code': '87M2MH5R+9F'}, 'types': ['street_address']}], 'status': 'OK'}",558 Bathurst Street,Toronto
43.7362929,-79.58042689999999,"6 Warrendale Ct, Etobicoke, ON M9V 1P9, Canada",M9V 1P9,"{'results': [{'address_components': [{'long_name': '6', 'short_name': '6', 'types': ['street_number']}, {'long_name': 'Warrendale Court', 'short_name': 'Warrendale Ct', 'types': ['route']}, {'long_name': 'Etobicoke', 'short_name': 'Etobicoke', 'types': ['political', 'sublocality', 'sublocality_level_1']}, {'long_name': 'Toronto', 'short_name': 'Toronto', 'types': ['locality', 'political']}, {'long_name': 'Toronto Division', 'short_name': 'Toronto Division', 'types': ['administrative_area_level_2', 'political']}, {'long_name': 'Ontario', 'short_name': 'ON', 'types': ['administrative_area_level_1', 'political']}, {'long_name': 'Canada', 'short_name': 'CA', 'types': ['country', 'political']}, {'long_name': 'M9V 1P9', 'short_name': 'M9V 1P9', 'types': ['postal_code']}], 'formatted_address': '6 Warrendale Ct, Etobicoke, ON M9V 1P9, Canada', 'geometry': {'bounds': {'northeast': {'lat': 43.7363787, 'lng': -79.5803244}, 'southwest': {'lat': 43.7362279, 'lng': -79.5805388}}, 'location': {'lat': 43.7362929, 'lng': -79.58042689999999}, 'location_type': 'ROOFTOP', 'viewport': {'northeast': {'lat': 43.73765228029149, 'lng': -79.57908261970849}, 'southwest': {'lat': 43.73495431970849, 'lng': -79.58178058029151}}}, 'place_id': 'ChIJLe_0_Yo6K4gRU5DkH0yk_mE', 'types': ['premise']}], 'status': 'OK'}",6 Warrendale Court,Etobicoke
43.646956,-79.3986444,"60 Brant St, Toronto, ON M5V 3G9, Canada",M5V 3G9,"{'results': [{'address_components': [{'long_name': '60', 'short_name': '60', 'types': ['street_number']}, {'long_name': 'Brant Street', 'short_name': 'Brant St', 'types': ['route']}, {'long_name': 'Old Toronto', 'short_name': 'Old Toronto', 'types': ['political', 'sublocality', 'sublocality_level_1']}, {'long_name': 'Toronto', 'short_name': 'Toronto', 'types': ['locality', 'political']}, {'long_name': 'Toronto Division', 'short_name': 'Toronto Division', 'types': ['administrative_area_level_2', 'political']}, {'long_name': 'Ontario', 'short_name': 'ON', 'types': ['administrative_area_level_1', 'political']}, {'long_name': 'Canada', 'short_name': 'CA', 'types': ['country', 'political']}, {'long_name': 'M5V 3G9', 'short_name': 'M5V 3G9', 'types': ['postal_code']}], 'formatted_address': '60 Brant St, Toronto, ON M5V 3G9, Canada', 'geometry': {'location': {'lat': 43.646956, 'lng': -79.3986444}, 'location_type': 'ROOFTOP', 'viewport': {'northeast': {'lat': 43.64830498029149, 'lng': -79.39729541970848}, 'southwest': {'lat': 43.64560701970849, 'lng': -79.3999933802915}}}, 'place_id': 'ChIJyYr4Fdw0K4gR0o9gLKFCacE', 'plus_code': {'compound_code': 'JJW2+QG Toronto, ON, Canada', 'global_code': '87M2JJW2+QG'}, 'types': ['street_address']}], 'status': 'OK'}",60 Brant Street,Toronto
43.61825350000001,-79.4971911,"60 Newcastle St, Etobicoke, ON M8Y 1A3, Canada",M8Y 1A3,"{'results': [{'address_components': [{'long_name': '60', 'short_name': '60', 'types': ['street_number']}, {'long_name': 'Newcastle Street', 'short_name': 'Newcastle St', 'types': ['route']}, {'long_name': 'Etobicoke', 'short_name': 'Etobicoke', 'types': ['political', 'sublocality', 'sublocality_level_1']}, {'long_name': 'Toronto', 'short_name': 'Toronto', 'types': ['locality', 'political']}, {'long_name': 'Toronto Division', 'short_name': 'Toronto Division', 'types': ['administrative_area_level_2', 'political']}, {'long_name': 'Ontario', 'short_name': 'ON', 'types': ['administrative_area_level_1', 'political']}, {'long_name': 'Canada', 'short_name': 'CA', 'types': ['country', 'political']}, {'long_name': 'M8Y 1A3', 'short_name': 'M8Y 1A3', 'types': ['postal_code']}], 'formatted_address': '60 Newcastle St, Etobicoke, ON M8Y 1A3, Canada', 'geometry': {'bounds': {'northeast': {'lat': 43.6184041, 'lng': -79.4969934}, 'southwest': {'lat': 43.6179825, 'lng': -79.49753390000001}}, 'location': {'lat': 43.61825350000001, 'lng': -79.4971911}, 'location_type': 'ROOFTOP', 'viewport': {'northeast': {'lat': 43.6195422802915, 'lng': -79.4959146697085}, 'southwest': {'lat': 43.6168443197085, 'lng': -79.49861263029152}}}, 'place_id': 'ChIJtW0NwCM2K4gRKSxzQWMkGIA', 'types': ['premise']}], 'status': 'OK'}",60 Newcastle Street,Toronto
43.69185359999999,-79.43990749999999,"616 Vaughan Rd, York, ON M6C 2R5, Canada",M6C 2R5,"{'results': [{'address_components': [{'long_name': '616', 'short_name': '616', 'types': ['street_number']}, {'long_name': 'Vaughan Road', 'short_name': 'Vaughan Rd', 'types': ['route']}, {'long_name': 'York', 'short_name': 'York', 'types': ['political', 'sublocality', 'sublocality_level_1']}, {'long_name': 'Toronto', 'short_name': 'Toronto', 'types': ['locality', 'political']}, {'long_name': 'Toronto Division', 'short_name': 'Toronto Division', 'types': ['administrative_area_level_2', 'political']}, {'long_name': 'Ontario', 'short_name': 'ON', 'types': ['administrative_area_level_1', 'political']}, {'long_name': 'Canada', 'short_name': 'CA', 'types': ['country', 'political']}, {'long_name': 'M6C 2R5', 'short_name': 'M6C 2R5', 'types': ['postal_code']}], 'formatted_address': '616 Vaughan Rd, York, ON M6C 2R5, Canada', 'geometry': {'bounds': {'northeast': {'lat': 43.6919691, 'lng': -79.4397398}, 'southwest': {'lat': 43.6917213, 'lng': -79.44003239999999}}, 'location': {'lat': 43.69185359999999, 'lng': -79.43990749999999}, 'location_type': 'ROOFTOP', 'viewport': {'northeast': {'lat': 43.6931941802915, 'lng': -79.4385371197085}, 'southwest': {'lat': 43.6904962197085, 'lng': -79.4412350802915}}}, 'place_id': 'ChIJU9jBMY4zK4gRWXQ97YV506o', 'types': ['premise']}], 'status': 'OK'}",616 Vaughan Road Toronto,Toronto
43.65098580000001,-79.3752993,"67 Adelaide St E, Toronto, ON M5C 1K6, Canada",M5C 1K6,"{'results': [{'address_components': [{'long_name': '67', 'short_name': '67', 'types': ['street_number']}, {'long_name': 'Adelaide Street East', 'short_name': 'Adelaide St E', 'types': ['route']}, {'long_name': 'Old Toronto', 'short_name': 'Old Toronto', 'types': ['political', 'sublocality', 'sublocality_level_1']}, {'long_name': 'Toronto', 'short_name': 'Toronto', 'types': ['locality', 'political']}, {'long_name': 'Toronto Division', 'short_name': 'Toronto Division', 'types': ['administrative_area_level_2', 'political']}, {'long_name': 'Ontario', 'short_name': 'ON', 'types': ['administrative_area_level_1', 'political']}, {'long_name': 'Canada', 'short_name': 'CA', 'types': ['country', 'political']}, {'long_name': 'M5C 1K6', 'short_name': 'M5C 1K6', 'types': ['postal_code']}], 'formatted_address': '67 Adelaide St E, Toronto, ON M5C 1K6, Canada', 'geometry': {'location': {'lat': 43.65098580000001, 'lng': -79.3752993}, 'location_type': 'ROOFTOP', 'viewport': {'northeast': {'lat': 43.65233478029151, 'lng': -79.37395031970848}, 'southwest': {'lat': 43.64963681970851, 'lng': -79.37664828029149}}}, 'place_id': 'ChIJn9zu0jPL1IkRq6XLV3zrNdY', 'plus_code': {'compound_code': 'MJ2F+9V Toronto, ON, Canada', 'global_code': '87M2MJ2F+9V'}, 'types': ['street_address']}], 'status': 'OK'}",67 Adelaide Street East,Toronto
43.6519385,-79.403679,"674 Dundas St W, Toronto, ON M5T 1H9, Canada",M5T 1H9,"{'results': [{'address_components': [{'long_name': '674', 'short_name': '674', 'types': ['street_number']}, {'long_name': 'Dundas Street West', 'short_name': 'Dundas St W', 'types': ['route']}, {'long_name': 'Old Toronto', 'short_name': 'Old Toronto', 'types': ['political', 'sublocality', 'sublocality_level_1']}, {'long_name': 'Toronto', 'short_name': 'Toronto', 'types': ['locality', 'political']}, {'long_name': 'Toronto Division', 'short_name': 'Toronto Division', 'types': ['administrative_area_level_2', 'political']}, {'long_name': 'Ontario', 'short_name': 'ON', 'types': ['administrative_area_level_1', 'political']}, {'long_name': 'Canada', 'short_name': 'CA', 'types': ['country', 'political']}, {'long_name': 'M5T 1H9', 'short_name': 'M5T 1H9', 'types': ['postal_code']}], 'formatted_address': '674 Dundas St W, Toronto, ON M5T 1H9, Canada', 'geometry': {'bounds': {'northeast': {'lat': 43.65210889999999, 'lng': -79.403492}, 'southwest': {'lat': 43.65181949999999, 'lng': -79.40384519999999}}, 'location': {'lat': 43.6519385, 'lng': -79.403679}, 'location_type': 'ROOFTOP', 'viewport': {'northeast': {'lat': 43.6533131802915, 'lng': -79.40231961970849}, 'southwest': {'lat': 43.6506152197085, 'lng': -79.4050175802915}}}, 'place_id': 'ChIJh_YxGug0K4gRIhpeM8flNzM', 'types': ['premise']}], 'status': 'OK'}",674 Dundas St. W,Toronto
43.6488364,-79.3982293,"7 Vanauley St, Toronto, ON M5V 2A8, Canada",M5V 2A8,"{'results': [{'address_components': [{'long_name': '7', 'short_name': '7', 'types': ['street_number']}, {'long_name': 'Vanauley Street', 'short_name': 'Vanauley St', 'types': ['route']}, {'long_name': 'Old Toronto', 'short_name': 'Old Toronto', 'types': ['political', 'sublocality', 'sublocality_level_1']}, {'long_name': 'Toronto', 'short_name': 'Toronto', 'types': ['locality', 'political']}, {'long_name': 'Toronto Division', 'short_name': 'Toronto Division', 'types': ['administrative_area_level_2', 'political']}, {'long_name': 'Ontario', 'short_name': 'ON', 'types': ['administrative_area_level_1', 'political']}, {'long_name': 'Canada', 'short_name': 'CA', 'types': ['country', 'political']}, {'long_name': 'M5V 2A8', 'short_name': 'M5V 2A8', 'types': ['postal_code']}], 'formatted_address': '7 Vanauley St, Toronto, ON M5V 2A8, Canada', 'geometry': {'bounds': {'northeast': {'lat': 43.648981, 'lng': -79.39804699999999}, 'southwest': {'lat': 43.6487343, 'lng': -79.3984861}}, 'location': {'lat': 43.6488364, 'lng': -79.3982293}, 'location_type': 'ROOFTOP', 'viewport': {'northeast': {'lat': 43.6502066302915, 'lng': -79.39691756970849}, 'southwest': {'lat': 43.64750866970851, 'lng': -79.3996155302915}}}, 'place_id': 'ChIJ5ynfjdw0K4gR2mnovhmec4k', 'types': ['premise']}], 'status': 'OK'}",7 Vanauley Street,Toronto
43.6600505,-79.37831159999999,"70 Gerrard St E, Toronto, ON M5B 1G6, Canada",M5B 1G6,"{'results': [{'address_components': [{'long_name': '70', 'short_name': '70', 'types': ['street_number']}, {'long_name': 'Gerrard Street East', 'short_name': 'Gerrard St E', 'types': ['route']}, {'long_name': 'Old Toronto', 'short_name': 'Old Toronto', 'types': ['political', 'sublocality', 'sublocality_level_1']}, {'long_name': 'Toronto', 'short_name': 'Toronto', 'types': ['locality', 'political']}, {'long_name': 'Toronto Division', 'short_name': 'Toronto Division', 'types': ['administrative_area_level_2', 'political']}, {'long_name': 'Ontario', 'short_name': 'ON', 'types': ['administrative_area_level_1', 'political']}, {'long_name': 'Canada', 'short_name': 'CA', 'types': ['country', 'political']}, {'long_name': 'M5B 1G6', 'short_name': 'M5B 1G6', 'types': ['postal_code']}], 'formatted_address': '70 Gerrard St E, Toronto, ON M5B 1G6, Canada', 'geometry': {'location': {'lat': 43.6600505, 'lng': -79.37831159999999}, 'location_type': 'ROOFTOP', 'viewport': {'northeast': {'lat': 43.66139948029149, 'lng': -79.37696261970848}, 'southwest': {'lat': 43.6587015197085, 'lng': -79.37966058029149}}}, 'place_id': 'ChIJh4H070rL1IkRkmkHk-N2cug', 'plus_code': {'compound_code': 'MJ6C+2M Toronto, ON, Canada', 'global_code': '87M2MJ6C+2M'}, 'types': ['street_address']}], 'status': 'OK'}",70 Gerrard St. E.,Toronto
43.7279261,-79.2676743,"702 Kennedy Rd, Scarborough, ON M1K 2B5, Canada",M1K 2B5,"{'results': [{'address_components': [{'long_name': '702', 'short_name': '702', 'types': ['street_number']}, {'long_name': 'Kennedy Road', 'short_name': 'Kennedy Rd', 'types': ['route']}, {'long_name': 'Scarborough', 'short_name': 'Scarborough', 'types': ['political', 'sublocality', 'sublocality_level_1']}, {'long_name': 'Toronto', 'short_name': 'Toronto', 'types': ['locality', 'political']}, {'long_name': 'Toronto Division', 'short_name': 'Toronto Division', 'types': ['administrative_area_level_2', 'political']}, {'long_name': 'Ontario', 'short_name': 'ON', 'types': ['administrative_area_level_1', 'political']}, {'long_name': 'Canada', 'short_name': 'CA', 'types': ['country', 'political']}, {'long_name': 'M1K 2B5', 'short_name': 'M1K 2B5', 'types': ['postal_code']}], 'formatted_address': '702 Kennedy Rd, Scarborough, ON M1K 2B5, Canada', 'geometry': {'location': {'lat': 43.7279261, 'lng': -79.2676743}, 'location_type': 'ROOFTOP', 'viewport': {'northeast': {'lat': 43.7292750802915, 'lng': -79.2663253197085}, 'southwest': {'lat': 43.7265771197085, 'lng': -79.2690232802915}}}, 'place_id': 'ChIJl4k9Bj7O1IkRdp-Ys84OylQ', 'plus_code': {'compound_code': 'PPHJ+5W Scarborough, Toronto, ON, Canada', 'global_code': '87M2PPHJ+5W'}, 'types': ['street_address']}], 'status': 'OK'}",702 Kennedy Rd,Toronto
43.7279261,-79.2676743,"702 Kennedy Rd, Scarborough, ON M1K 2B5, Canada",M1K 2B5,"{'results': [{'address_components': [{'long_name': '702', 'short_name': '702', 'types': ['street_number']}, {'long_name': 'Kennedy Road', 'short_name': 'Kennedy Rd', 'types': ['route']}, {'long_name': 'Scarborough', 'short_name': 'Scarborough', 'types': ['political', 'sublocality', 'sublocality_level_1']}, {'long_name': 'Toronto', 'short_name': 'Toronto', 'types': ['locality', 'political']}, {'long_name': 'Toronto Division', 'short_name': 'Toronto Division', 'types': ['administrative_area_level_2', 'political']}, {'long_name': 'Ontario', 'short_name': 'ON', 'types': ['administrative_area_level_1', 'political']}, {'long_name': 'Canada', 'short_name': 'CA', 'types': ['country', 'political']}, {'long_name': 'M1K 2B5', 'short_name': 'M1K 2B5', 'types': ['postal_code']}], 'formatted_address': '702 Kennedy Rd, Scarborough, ON M1K 2B5, Canada', 'geometry': {'location': {'lat': 43.7279261, 'lng': -79.2676743}, 'location_type': 'ROOFTOP', 'viewport': {'northeast': {'lat': 43.7292750802915, 'lng': -79.2663253197085}, 'southwest': {'lat': 43.7265771197085, 'lng': -79.2690232802915}}}, 'place_id': 'ChIJl4k9Bj7O1IkRdp-Ys84OylQ', 'plus_code': {'compound_code': 'PPHJ+5W Scarborough, Toronto, ON, Canada', 'global_code': '87M2PPHJ+5W'}, 'types': ['street_address']}], 'status': 'OK'}",702 Kennedy Road,Scarborough
43.6464893,-79.4063381,"723 Queen St W, Toronto, ON M6J 1E6, Canada",M6J 1E6,"{'results': [{'address_components': [{'long_name': '723', 'short_name': '723', 'types': ['street_number']}, {'long_name': 'Queen Street West', 'short_name': 'Queen St W', 'types': ['route']}, {'long_name': 'Old Toronto', 'short_name': 'Old Toronto', 'types': ['political', 'sublocality', 'sublocality_level_1']}, {'long_name': 'Toronto', 'short_name': 'Toronto', 'types': ['locality', 'political']}, {'long_name': 'Toronto Division', 'short_name': 'Toronto Division', 'types': ['administrative_area_level_2', 'political']}, {'long_name': 'Ontario', 'short_name': 'ON', 'types': ['administrative_area_level_1', 'political']}, {'long_name': 'Canada', 'short_name': 'CA', 'types': ['country', 'political']}, {'long_name': 'M6J 1E6', 'short_name': 'M6J 1E6', 'types': ['postal_code']}], 'formatted_address': '723 Queen St W, Toronto, ON M6J 1E6, Canada', 'geometry': {'bounds': {'northeast': {'lat': 43.6466148, 'lng': -79.4061904}, 'southwest': {'lat': 43.646309, 'lng': -79.40647539999999}}, 'location': {'lat': 43.6464893, 'lng': -79.4063381}, 'location_type': 'ROOFTOP', 'viewport': {'northeast': {'lat': 43.6478108802915, 'lng': -79.4049839197085}, 'southwest': {'lat': 43.6451129197085, 'lng': -79.4076818802915}}}, 'place_id': 'ChIJv2CSLeE0K4gRXPZvifUfaGE', 'types': ['premise']}], 'status': 'OK'}",723 Queen Street West,Toronto
43.7178161,-79.28287999999999,"747 Warden Ave, Scarborough, ON M1L 4A8, Canada",M1L 4A8,"{'results': [{'address_components': [{'long_name': '747', 'short_name': '747', 'types': ['street_number']}, {'long_name': 'Warden Avenue', 'short_name': 'Warden Ave', 'types': ['route']}, {'long_name': 'Scarborough', 'short_name': 'Scarborough', 'types': ['political', 'sublocality', 'sublocality_level_1']}, {'long_name': 'Toronto', 'short_name': 'Toronto', 'types': ['locality', 'political']}, {'long_name': 'Toronto Division', 'short_name': 'Toronto Division', 'types': ['administrative_area_level_2', 'political']}, {'long_name': 'Ontario', 'short_name': 'ON', 'types': ['administrative_area_level_1', 'political']}, {'long_name': 'Canada', 'short_name': 'CA', 'types': ['country', 'political']}, {'long_name': 'M1L 4A8', 'short_name': 'M1L 4A8', 'types': ['postal_code']}], 'formatted_address': '747 Warden Ave, Scarborough, ON M1L 4A8, Canada', 'geometry': {'bounds': {'northeast': {'lat': 43.7180444, 'lng': -79.282513}, 'southwest': {'lat': 43.71763259999999, 'lng': -79.2832019}}, 'location': {'lat': 43.7178161, 'lng': -79.28287999999999}, 'location_type': 'ROOFTOP', 'viewport': {'northeast': {'lat': 43.7191874802915, 'lng': -79.28150846970848}, 'southwest': {'lat': 43.7164895197085, 'lng': -79.2842064302915}}}, 'place_id': 'ChIJn6Zd4XDO1IkRrDy96dUijRw', 'types': ['premise']}], 'status': 'OK'}",747 Warden Ave,Toronto
43.6846797,-79.3898217,"80 Woodlawn Ave E, Toronto, ON M4T 1C1, Canada",M4T 1C1,"{'results': [{'address_components': [{'long_name': '80', 'short_name': '80', 'types': ['street_number']}, {'long_name': 'Woodlawn Avenue East', 'short_name': 'Woodlawn Ave E', 'types': ['route']}, {'long_name': 'Old Toronto', 'short_name': 'Old Toronto', 'types': ['political', 'sublocality', 'sublocality_level_1']}, {'long_name': 'Toronto', 'short_name': 'Toronto', 'types': ['locality', 'political']}, {'long_name': 'Toronto Division', 'short_name': 'Toronto Division', 'types': ['administrative_area_level_2', 'political']}, {'long_name': 'Ontario', 'short_name': 'ON', 'types': ['administrative_area_level_1', 'political']}, {'long_name': 'Canada', 'short_name': 'CA', 'types': ['country', 'political']}, {'long_name': 'M4T 1C1', 'short_name': 'M4T 1C1', 'types': ['postal_code']}], 'formatted_address': '80 Woodlawn Ave E, Toronto, ON M4T 1C1, Canada', 'geometry': {'bounds': {'northeast': {'lat': 43.6848974, 'lng': -79.389443}, 'southwest': {'lat': 43.6845138, 'lng': -79.3902085}}, 'location': {'lat': 43.6846797, 'lng': -79.3898217}, 'location_type': 'ROOFTOP', 'viewport': {'northeast': {'lat': 43.6860545802915, 'lng': -79.3884767697085}, 'southwest': {'lat': 43.6833566197085, 'lng': -79.39117473029151}}}, 'place_id': 'ChIJ78eE7lAzK4gRBmbVAkuOzm8', 'types': ['premise']}], 'status': 'OK'}",80 Woodlawn Ave. East,Toronto
43.640808,-79.4103664,"805a Wellington St W, Toronto, ON M5V 1G8, Canada",M5V 1G8,"{'results': [{'address_components': [{'long_name': '805a', 'short_name': '805a', 'types': ['street_number']}, {'long_name': 'Wellington Street West', 'short_name': 'Wellington St W', 'types': ['route']}, {'long_name': 'Old Toronto', 'short_name': 'Old Toronto', 'types': ['political', 'sublocality', 'sublocality_level_1']}, {'long_name': 'Toronto', 'short_name': 'Toronto', 'types': ['locality', 'political']}, {'long_name': 'Toronto Division', 'short_name': 'Toronto Division', 'types': ['administrative_area_level_2', 'political']}, {'long_name': 'Ontario', 'short_name': 'ON', 'types': ['administrative_area_level_1', 'political']}, {'long_name': 'Canada', 'short_name': 'CA', 'types': ['country', 'political']}, {'long_name': 'M5V 1G8', 'short_name': 'M5V 1G8', 'types': ['postal_code']}], 'formatted_address': '805a Wellington St W, Toronto, ON M5V 1G8, Canada', 'geometry': {'location': {'lat': 43.640808, 'lng': -79.4103664}, 'location_type': 'ROOFTOP', 'viewport': {'northeast': {'lat': 43.6421569802915, 'lng': -79.40901741970849}, 'southwest': {'lat': 43.6394590197085, 'lng': -79.4117153802915}}}, 'place_id': 'ChIJG9ulpB01K4gRBUMCeHvQKb0', 'plus_code': {'compound_code': 'JHRQ+8V Toronto, ON, Canada', 'global_code': '87M2JHRQ+8V'}, 'types': ['street_address']}], 'status': 'OK'}",805A Wellington Street W,Toronto
43.6522764,-79.3738782,"86 Lombard St, Toronto, ON M5C 1M3, Canada",M5C 1M3,"{'results': [{'address_components': [{'long_name': '86', 'short_name': '86', 'types': ['street_number']}, {'long_name': 'Lombard Street', 'short_name': 'Lombard St', 'types': ['route']}, {'long_name': 'Old Toronto', 'short_name': 'Old Toronto', 'types': ['political', 'sublocality', 'sublocality_level_1']}, {'long_name': 'Toronto', 'short_name': 'Toronto', 'types': ['locality', 'political']}, {'long_name': 'Toronto Division', 'short_name': 'Toronto Division', 'types': ['administrative_area_level_2', 'political']}, {'long_name': 'Ontario', 'short_name': 'ON', 'types': ['administrative_area_level_1', 'political']}, {'long_name': 'Canada', 'short_name': 'CA', 'types': ['country', 'political']}, {'long_name': 'M5C 1M3', 'short_name': 'M5C 1M3', 'types': ['postal_code']}], 'formatted_address': '86 Lombard St, Toronto, ON M5C 1M3, Canada', 'geometry': {'bounds': {'northeast': {'lat': 43.65235759999999, 'lng': -79.3737898}, 'southwest': {'lat': 43.6521694, 'lng': -79.37407920000001}}, 'location': {'lat': 43.6522764, 'lng': -79.3738782}, 'location_type': 'ROOFTOP', 'viewport': {'northeast': {'lat': 43.6536124802915, 'lng': -79.37258551970851}, 'southwest': {'lat': 43.6509145197085, 'lng': -79.37528348029151}}}, 'place_id': 'ChIJrcK8RDHL1IkRxHmX_MPRtCs', 'types': ['premise']}], 'status': 'OK'}",86 Lombard St.,Toronto
43.6592425,-79.37242959999999,"87 Pembroke St, Toronto, ON M5A 2N9, Canada",M5A 2N9,"{'results': [{'address_components': [{'long_name': '87', 'short_name': '87', 'types': ['street_number']}, {'long_name': 'Pembroke Street', 'short_name': 'Pembroke St', 'types': ['route']}, {'long_name': 'Old Toronto', 'short_name': 'Old Toronto', 'types': ['political', 'sublocality', 'sublocality_level_1']}, {'long_name': 'Toronto', 'short_name': 'Toronto', 'types': ['locality', 'political']}, {'long_name': 'Toronto Division', 'short_name': 'Toronto Division', 'types': ['administrative_area_level_2', 'political']}, {'long_name': 'Ontario', 'short_name': 'ON', 'types': ['administrative_area_level_1', 'political']}, {'long_name': 'Canada', 'short_name': 'CA', 'types': ['country', 'political']}, {'long_name': 'M5A 2N9', 'short_name': 'M5A 2N9', 'types': ['postal_code']}], 'formatted_address': '87 Pembroke St, Toronto, ON M5A 2N9, Canada', 'geometry': {'location': {'lat': 43.6592425, 'lng': -79.37242959999999}, 'location_type': 'ROOFTOP', 'viewport': {'northeast': {'lat': 43.66059148029151, 'lng': -79.37108061970848}, 'southwest': {'lat': 43.65789351970851, 'lng': -79.37377858029149}}}, 'place_id': 'ChIJjRDWsEnL1IkRv7j9pxf8OKE', 'plus_code': {'compound_code': 'MJ5H+M2 Toronto, ON, Canada', 'global_code': '87M2MJ5H+M2'}, 'types': ['street_address']}], 'status': 'OK'}",87 Pembroke St,Toronto
43.6600075,-79.3432223,"875 Queen St E, Toronto, ON M4M 1J2, Canada",M4M 1J2,"{'results': [{'address_components': [{'long_name': '875', 'short_name': '875', 'types': ['street_number']}, {'long_name': 'Queen Street East', 'short_name': 'Queen St E', 'types': ['route']}, {'long_name': 'Old Toronto', 'short_name': 'Old Toronto', 'types': ['political', 'sublocality', 'sublocality_level_1']}, {'long_name': 'Toronto', 'short_name': 'Toronto', 'types': ['locality', 'political']}, {'long_name': 'Toronto Division', 'short_name': 'Toronto Division', 'types': ['administrative_area_level_2', 'political']}, {'long_name': 'Ontario', 'short_name': 'ON', 'types': ['administrative_area_level_1', 'political']}, {'long_name': 'Canada', 'short_name': 'CA', 'types': ['country', 'political']}, {'long_name': 'M4M 1J2', 'short_name': 'M4M 1J2', 'types': ['postal_code']}], 'formatted_address': '875 Queen St E, Toronto, ON M4M 1J2, Canada', 'geometry': {'bounds': {'northeast': {'lat': 43.6602901, 'lng': -79.34264019999999}, 'southwest': {'lat': 43.6598657, 'lng': -79.3434758}}, 'location': {'lat': 43.6600075, 'lng': -79.3432223}, 'location_type': 'ROOFTOP', 'viewport': {'northeast': {'lat': 43.6614268802915, 'lng': -79.34170901970849}, 'southwest': {'lat': 43.6587289197085, 'lng': -79.3444069802915}}}, 'place_id': 'ChIJacCtZHHL1IkRuZflBzK0KKs', 'types': ['premise']}], 'status': 'OK'}",875 Queen St E,Toronto
43.6658642,-79.37921519999999,"95 Wellesley St E, Toronto, ON M4Y 2X9, Canada",M4Y 2X9,"{'results': [{'address_components': [{'long_name': '95', 'short_name': '95', 'types': ['street_number']}, {'long_name': 'Wellesley Street East', 'short_name': 'Wellesley St E', 'types': ['route']}, {'long_name': 'Old Toronto', 'short_name': 'Old Toronto', 'types': ['political', 'sublocality', 'sublocality_level_1']}, {'long_name': 'Toronto', 'short_name': 'Toronto', 'types': ['locality', 'political']}, {'long_name': 'Toronto Division', 'short_name': 'Toronto Division', 'types': ['administrative_area_level_2', 'political']}, {'long_name': 'Ontario', 'short_name': 'ON', 'types': ['administrative_area_level_1', 'political']}, {'long_name': 'Canada', 'short_name': 'CA', 'types': ['country', 'political']}, {'long_name': 'M4Y 2X9', 'short_name': 'M4Y 2X9', 'types': ['postal_code']}], 'formatted_address': '95 Wellesley St E, Toronto, ON M4Y 2X9, Canada', 'geometry': {'location': {'lat': 43.6658642, 'lng': -79.37921519999999}, 'location_type': 'ROOFTOP', 'viewport': {'northeast': {'lat': 43.6672131802915, 'lng': -79.3778662197085}, 'southwest': {'lat': 43.66451521970851, 'lng': -79.3805641802915}}}, 'place_id': 'ChIJ6cSUI03L1IkRoW3MNrYhxzE', 'plus_code': {'compound_code': 'MJ8C+88 Toronto, ON, Canada', 'global_code': '87M2MJ8C+88'}, 'types': ['street_address']}], 'status': 'OK'}",95 Wellesley St. E.,Toronto
43.66611169999999,-79.44601770000001,"973 Lansdowne Ave, Toronto, ON M6H 3Z5, Canada",M6H 3Z5,"{'results': [{'address_components': [{'long_name': '973', 'short_name': '973', 'types': ['street_number']}, {'long_name': 'Lansdowne Avenue', 'short_name': 'Lansdowne Ave', 'types': ['route']}, {'long_name': 'Old Toronto', 'short_name': 'Old Toronto', 'types': ['political', 'sublocality', 'sublocality_level_1']}, {'long_name': 'Toronto', 'short_name': 'Toronto', 'types': ['locality', 'political']}, {'long_name': 'Toronto Division', 'short_name': 'Toronto Division', 'types': ['administrative_area_level_2', 'political']}, {'long_name': 'Ontario', 'short_name': 'ON', 'types': ['administrative_area_level_1', 'political']}, {'long_name': 'Canada', 'short_name': 'CA', 'types': ['country', 'political']}, {'long_name': 'M6H 3Z5', 'short_name': 'M6H 3Z5', 'types': ['postal_code']}], 'formatted_address': '973 Lansdowne Ave, Toronto, ON M6H 3Z5, Canada', 'geometry': {'bounds': {'northeast': {'lat': 43.6662588, 'lng': -79.44592349999999}, 'southwest': {'lat': 43.6659601, 'lng': -79.4461421}}, 'location': {'lat': 43.66611169999999, 'lng': -79.44601770000001}, 'location_type': 'ROOFTOP', 'viewport': {'northeast': {'lat': 43.6674584302915, 'lng': -79.44468381970849}, 'southwest': {'lat': 43.6647604697085, 'lng': -79.44738178029151}}}, 'place_id': 'ChIJHTyf7mo0K4gRx46F5_PrMvY', 'types': ['premise']}], 'status': 'OK'}",973 Lansdowne Avenue,Toronto
,,,,"{'results': [{'address_components': [{'long_name': 'Sherbourne Street', 'short_name': 'Sherbourne St', 'types': ['route']}, {'long_name': 'Old Toronto', 'short_name': 'Old Toronto', 'types': ['political', 'sublocality', 'sublocality_level_1']}, {'long_name': 'Toronto', 'short_name': 'Toronto', 'types': ['locality', 'political']}, {'long_name': 'Toronto Division', 'short_name': 'Toronto Division', 'types': ['administrative_area_level_2', 'political']}, {'long_name': 'Ontario', 'short_name': 'ON', 'types': ['administrative_area_level_1', 'political']}, {'long_name': 'Canada', 'short_name': 'CA', 'types': ['country', 'political']}], 'formatted_address': 'Sherbourne St, Toronto, ON, Canada', 'geometry': {'bounds': {'northeast': {'lat': 43.6724481, 'lng': -79.3676753}, 'southwest': {'lat': 43.650175, 'lng': -79.3775294}}, 'location': {'lat': 43.661228, 'lng': -79.3722185}, 'location_type': 'GEOMETRIC_CENTER', 'viewport': {'northeast': {'lat': 43.6724481, 'lng': -79.3676753}, 'southwest': {'lat': 43.650175, 'lng': -79.3775294}}}, 'place_id': 'ChIJX-BrIknL1IkRBLSPab6jI2A', 'types': ['route']}], 'status': 'OK'}",Sherbourne Street,Toronto
